Workbook
Name ACTIONSHOT: Roster!$V$3:$V$102
Name AGE: Roster!$Q$3:$Q$102
Name AGE_TEXT: Roster!$R$3:$R$102
Name ah: Roster!$BD$3
Name BA: Roster!$S$3:$S$102
Name BATS: Roster!$F$3:$F$104
Name BIO_HEADER: Roster!$P$3:$P$4
Name CAT_1: Stats!$D$1:$D$100
Name CAT_1_HILITE: Stats!$E$1:$E$100
Name CAT_2: Stats!$F$1:$F$100
Name CAT_2_HILITE: Stats!$G$1:$G$100
Name CAT_3: Stats!$H$1:$H$100
Name CAT_3_HILITE: Stats!$I$1:$I$100
Name CAT_4: Stats!$J$1:$J$100
Name CAT_4_HILITE: Stats!$K$1:$K$100
Name COACH_DEF_FIRST: 'Team Personnel'!$B$13:$B$23
Name COACH_DEF_LAST: 'Team Personnel'!$C$13:$C$23
Name COACH_DEF_TEXT: 'Team Personnel'!$E$13:$E$23
Name COACH_HEAD_DROP: 'Team Personnel'!$F$2:$F$12
Name COACH_HEAD_FIRST: 'Team Personnel'!$B$2:$B$12
Name COACH_HEAD_FULL: 'Team Personnel'!$I$2:$I$23
Name COACH_HEAD_HEADER: 'Team Personnel'!$D$2:$D$12
Name COACH_HEAD_LAST: 'Team Personnel'!$C$2:$C$12
Name COACH_HEAD_TEXT: 'Team Personnel'!$E$2:$E$12
Name COACH_OFF_DROP: 'Team Personnel'!$F$8:$F$12
Name COACH_OFF_FIRST: 'Team Personnel'!$B$8:$B$12
Name COACH_OFF_HEADER: 'Team Personnel'!$D$8:$D$12
Name COACH_OFF_LAST: 'Team Personnel'!$C$8:$C$12
Name COACH_OFF_TEXT: 'Team Personnel'!$E$8:$E$12
Name COACH_RESUME_DROP: 'Team Personnel'!$K$20:$K$21
Name COACH_RESUME_LINE1: 'Team Personnel'!$K$8:$K$9
Name COACH_RESUME_LINE2: 'Team Personnel'!$K$11:$K$12
Name COACH_RESUME_LINE3: 'Team Personnel'!$K$14:$K$15
Name COACH_RESUME_LINE4: 'Team Personnel'!$K$17:$K$18
Name COACH_RESUME_ROWS: 'Team Personnel'!$K$23:$K$24
Name COACH_RESUME_SUBTITLE: 'Team Personnel'!$K$5:$K$6
Name COACH_RESUME_TITLE: 'Team Personnel'!$K$2:$K$3
Name CONFERENCE_LOGOS: LOGOS!$C$1:$C$50
Name ESPN100: Roster!$O$3:$O$102
Name HEADER: Roster!$N$3:$N$102
Name HEADSHOT: Roster!$U$3:$U$102
Name HEIGHT: Roster!$H$3:$H$102
Name HERO_1_DROP: 'Player Heroes'!$J$2:$J$101
Name HERO_1_HEADER: 'Player Heroes'!$G$2:$G$101
Name HERO_1_INFO: 'Player Heroes'!$I$2:$I$101
Name HERO_USER: 'Player Users'!$F$2:$F$101
Name HERO_USER2: 'Player Users'!$H$2:$H$101
Name HOMETOWN: Roster!$K$3:$K$102
Name HR_NEXT: Roster!$AI$3:$AI$102
Name HR_TOTAL: Roster!$T$3:$T$102
Name INNINGS: [1]Roster!$W$17:$X$18
Name INPUT_RANGE: MAIN!$C$4:$CM$104
Name JERSEY: Roster!$B$3:$B$102
Name LU_Firstname: #REF!
Name LU_Fullname: #REF!
Name LU_Headshot: #REF!
Name LU_Height: #REF!
Name LU_Hometown: #REF!
Name LU_Lastname: #REF!
Name LU_Position: #REF!

Sheet Team Info
A1: ESPN Team Sheet | B1: 46051 | D1: TEAM INFO | F1: TODAY_TONIGHT_SEL | H1: SWATCH SEL
A2: TEAM INFO | B2: Home | D2: TEAM_RANK | F2: =$B$17 -> Tonight | H2: 0
A3: Team Rank | D3: =$B$3 | F3: =UPPER(F2) -> TONIGHT | H3: 1
A4: Team College | B4: North Carolina | H4: 2
A5: Team Nickname | B5: Tar Heels | D5: TEAM_CITY_COLLEGE | F5: SEASON_SEL | H5: 3
A6: Team Tricode | B6: UNC | D6: =$B$4 -> North Carolina | F6: =$B$18 -> Season
A7: Team Dashboard Name (CAPS) | B7: NORTH CAROLINA | D7: =UPPER(D6) -> NORTH CAROLINA | F7: =UPPER(F6) -> SEASON | H7: TODAY/SEASON SEL
A8: Team Record (CAPS) | B8: 0-0 | D8: TEAM_NICKNAME | F8: TODAY_TONIGHT_SEL_COLON | H8: Last Season
D9: =$B$5 -> Tar Heels | F9: =$F$2&":" -> Tonight: | H9: Season
A10: TEAM LOGOS / SWATCH / HEADSHOTS | D10: =UPPER(D9) -> TAR HEELS | F10: =UPPER($F$2&":") -> TONIGHT: | H10: Today
A11: LOGO / SWATCH / HEADSHOT / ACTION | B11: GENERIC_BASEBALL | F11: SEASON_SEL_COLON | H11: Tonight
A12: Swatch Selector | B12: 0 | C12: =H15 -> LOGO | D12: TEAM_TRICODE | F12: =$F$6&":" -> Season:
A13: Dashboard Swatch Selector | B13: 1 | C13: =H20 -> PRIMARY | D13: =$B$6 -> UNC | F13: =UPPER($F$6&":") -> SEASON: | H13: SWATCH_SELECT
A14: Headshots On/Off (0=Off, 1=On) | B14: 0 | C14: =F21 -> Off | H14: =B$12 -> 0
D15: TEAM_FULL_NAME | F15: AWAY/HOME SEL | H15: =IF(H14=1,"PRIMARY",IF(H14=2,"SECONDARY",IF(H14=3,"BOTTOMLINE",IF(H14=0,"LOGO")))) -> LOGO
A16: TODAY / SEASON SELECTION | D16: =B4&" "&B5 -> North Carolina Tar Heels | F16: Away
A17: Today / Tonight Selection | B17: Tonight | D17: =UPPER(D16) -> NORTH CAROLINA TAR HEELS | F17: Home
A18: Season / Last Season | B18: Season | H18: DASH_SWATCH_SELECT
D19: TEAM_DASH_NAME | F19: HEADSHOT_ONOFF | H19: =$B$13 -> 1
A20: SPORT SELECTION | D20: =$B$7 -> NORTH CAROLINA | F20: =$B$14 -> 0 | H20: =IF(H19=1,"PRIMARY",IF(H19=2,"SECONDARY",IF(H19=3,"BOTTOMLINE",IF(H19=0,"LOGO")))) -> PRIMARY
A21: Baseball / Softball / LLWS Selection | B21: Baseball | F21: =IF(F20=1,"On","Off") -> Off
D22: TEAM_RANK_NAME
D23: =D3&" "&D6 -> North Carolina | F23: On/Off | H23: SPORT_SELECT
A24: INSTRUCTIONS | D24: =UPPER(D23) -> NORTH CAROLINA | F24: 0 | H24: =$B$21 -> Baseball
A25: Fill out information in BLUE cells only. Select Away/Home in cell B2 and make your Sport Selection in B21 | F25: 1 | H25: =IF(H24="Baseball",9,IF(H24="Softball",7,IF(H24="Little League",6))) -> 9
A26: Fill out player information on the MAIN tab. This will populate the information into the Roster tab. | D26: TEAM_RANK_NAME_NICKNAME
A27: Stats have been predetermined by production. Enter optional hilite note in Stats tab | D27: =D3&" "&D6&" "&D9 -> North Carolina Tar Heels | F27: SPORT_SEL
D28: =UPPER(D27) -> NORTH CAROLINA TAR HEELS | F28: Baseball
A29: ** For Xpression ** | F29: Softball
A30: If you select the GENERIC_BASEBALL or GENERIC_SOFTBALL option: | D30: TEAM_RANK_NAME_RECORD | F30: Little League
A31: Find a swatch with the colors of the team you need, make a copy of that swatch, | D31: =D3&" "&D6&" "& "(" & D38 &")" -> North Carolina (0-0)
A32: and rename it to GENERIC_BASEBALL or GENERIC_SOFTBALL | D32: =UPPER(D31) -> NORTH CAROLINA (0-0)
D34: TEAM_LOGOTEXT
D35: =$B$11 -> GENERIC_BASEBALL
D37: TEAM_RECORD_OVERALL
D38: =B8 -> 0-0
D40: TEAM_SPLIT
D41: =#REF! -> #REF!

Sheet MAIN
A1: Roster | B1: For "2-way" players enter position as Pitching/Hitting: LHP/SS or LHP/SS/C | M1: ACCN & SECN Teams = Major | CN1: BattingSeries | DK1: PitchingSeries
D2: For Pitchers: Enter LHP or RHP into Position | K2: Year (1-FR, 2-SO, 3-JR, 4-SR/GR) | L2: Enter as MM/DD/YY | M2: ALL CAPS | O2: Optional | BB2: BattingSeason | BY2: Pitching Season | CN2: AB | CO2: R | CP2: H | CQ2: 2B | CR2: 3B | CS2: HR | CT2: RBI | CU2: HBP | CV2: BB | CW2: SO | CX2: SH | CY2: SF | CZ2: SB | DA2: CS | DB2: GDP | DC2: RISPAB | DD2: RISPH | DE2: RISPHR | DF2: RISPRBI | DG2: BasesLoadedAB | DH2: BasesLoadedH | DI2: BasesLoadedHR | DJ2: BasesLoadedRBI | DK2: G | DL2: GS | DM2: CG | DN2: SHO | DO2: Win | DP2: Loss | DQ2: SV | DR2: IP | DS2: H | DT2: HR | DU2: R | DV2: ER | DW2: HBP | DX2: BB | DY2: SO
A3: LastName | B3: Firstname | C3: Number | D3: Position | E3: Bats | F3: Throws | G3: Hometown | H3: State | I3: Height | J3: Weight | K3: Year | L3: Age | M3: Major/Header | N3: Fact | O3: Etc | AA3: 27 | AB3: 28 | AC3: 29 | AD3: 30 | AI3: 35 | AN3: 40 | AS3: 45 | AU3: 1B | AV3: SLG % | AW3: OPS | AX3: 50 | BB3: AB | BC3: R | BD3: H | BE3: 2B | BF3: 3B | BG3: HR | BH3: RBI | BI3: BB | BJ3: HBP | BK3: SO | BL3: GDP | BM3: SF | BN3: SH | BO3: SB | BP3: CS | BQ3: RISPAB | BR3: RISPH | BS3: RISPHR | BT3: RISPRBI | BU3: BasesLoadedAB | BV3: BasesLoadedH | BW3: BasesLoadedHR | BX3: BasesLoadedRBI | BY3: Win | BZ3: Loss | CA3: G | CB3: GS | CC3: CG | CD3: SHO | CE3: SV | CF3: IP | CG3: H | CH3: R | CI3: ER | CJ3: BB | CK3: SO | CL3: HR | CM3: HBP
A4: Lastname | B4: Firstname | C4: 1 | D4: P | F4: RHP | G4: Callahan | H4: FL | I4: 6'2" | K4: 1 | L4: 37447 | AU4: =SUM(BE4:BG4)-BD4 -> -5 | AV4: =(AU4+(BE4*2)+(BF4*3)+(BG4*4))/BB4 -> 0.6 | BB4: 15 | BC4: 2 | BD4: 10 | BE4: 2 | BF4: 2 | BG4: 1 | BH4: 12 | BI4: 3 | BJ4: 1 | BK4: 1 | BL4: 2 | BM4: 2 | BN4: 1 | BY4: 1 | BZ4: 0 | CA4: 5 | CB4: 1 | CC4: 0 | CD4: 0/1 | CE4: 0 | CF4: 11.2 | CG4: 7 | CH4: 0 | CI4: 0 | CJ4: 3 | CK4: 17 | CL4: 0 | CM4: 1
A5: LastName | B5: Firstname | C5: 2 | D5: SS | E5: R | F5: R | G5: Charlotte | H5: NC | I5: 6'1" | K5: 4 | L5: 36957 | BB5: 27 | BC5: 3 | BD5: 7 | BE5: 2 | BF5: 0 | BG5: 1 | BH5: 7 | BI5: 1 | BJ5: 0 | BK5: 5 | BL5: 0 | BM5: 1 | BN5: 0 | BO5: 0 | BP5: 0 | BY5: 2 | BZ5: 0 | CA5: 9 | CB5: 0 | CC5: 0 | CD5: 0/0 | CE5: 3 | CF5: 12.0 | CG5: 6 | CH5: 2 | CI5: 1 | CJ5: 4 | CK5: 18 | CL5: 0 | CM5: 2
D6: P | BY6: 2 | BZ6: 0 | CA6: 7 | CB6: 0 | CC6: 0 | CD6: 0/0 | CE6: 0 | CF6: 15.0 | CG6: 11 | CH6: 2 | CI6: 2 | CJ6: 6 | CK6: 16 | CL6: 0 | CM6: 0
AX7: 50

Sheet Team Personnel
B1: CAPS | C1: CAPS | D1: CAPS | E1: CAPS | F1: CAPS (IF NEEDED)
A2: Save # | B2: First Name CAPS | C2: Last Name CAPS | D2: Header | E2: Line 1 Text | F2: Dropline Text | I2: COACH_HEAD_FULL | K2: COACH_RESUME_TITLE
A3: =IF('Team Info'!$B$2 = "Away",4180,4280) -> 4280 | B3: COACH | C3: COACH | D3: HEAD COACH | E3: 3RD SEASON | F3: Sticker only - no dropline | I3: =B3 &" " & C3 -> COACH COACH | K3: =B26 -> COACHING RÉSUMÉ
A4: =A3+1 -> 4281 | B4: =B3 -> COACH | C4: =C3 -> COACH | I4: =B4 &" " & C4 -> COACH COACH
A5: =A4+1 -> 4282 | B5: ASST | C5: LAST2 | I5: =B5 &" " & C5 -> ASST LAST2 | K5: COACH_RESUME_SUBTITLE
A6: =A5+1 -> 4283 | B6: ASST2 | C6: LAST2 | I6: =B6 &" " & C6 -> ASST2 LAST2
A7: =A6+1 -> 4284 | B7: ASST3 | C7: LAST3 | I7: =B7 &" " & C7 -> ASST3 LAST3
A8: =A7+1 -> 4285 | B8: ASST4 | C8: LAST4 | I8: =B8 &" " & C8 -> ASST4 LAST4 | K8: COACH_RESUME_LINE1
A9: =A8+1 -> 4286 | B9: ASST5 | C9: LAST5 | I9: =B9 &" " & C9 -> ASST5 LAST5 | K9: =B30 -> LINE 1 TEXT HERE LINE 2 TEXT HERE
A10: =A9+1 -> 4287 | B10: ASST6 | C10: LAST6 | I10: =B10 &" " & C10 -> ASST6 LAST6
A11: =A10+1 -> 4288 | B11: ASST7 | C11: LAST7 | I11: =B11 &" " & C11 -> ASST7 LAST7 | K11: COACH_RESUME_LINE2
A12: =A11+1 -> 4289 | B12: ASST8 | C12: LAST8 | I12: =B12 &" " & C12 -> ASST8 LAST8 | K12: =B32 -> LINE2 TEST LINE 2A
A13: Save # | B13: First Name CAPS | C13: Last Name CAPS | E13: Line 1 Text (Upper/Lower) | F13: Stickers only | I13: =B13 &" " & C13 -> First Name CAPS Last Name CAPS
A14: =IF('Team Info'!$B$2 = "Away",190,290) -> 290 | B14: MIKE | C14: STOOPS | E14: Defensive Coordinator | I14: COACH_OFF_FULL | K14: COACH_RESUME_LINE3
A15: =A14+1 -> 291 | B15: RUFFIN | C15: McNEIL | E15: Assistant Head Coach/Defensive Tackles Coach | I15: =B15 &" " & C15 -> RUFFIN McNEIL | K15: =B34 -> LINE 3 TEST LINE 3A
A16: =A14+2 -> 292 | B16: DEF. COACH | C16: DEF. COACH | I16: =B16 &" " & C16 -> DEF. COACH DEF. COACH
A17: =A14+3 -> 293 | B17: DEF. COACH | C17: DEF. COACH | I17: =B17 &" " & C17 -> DEF. COACH DEF. COACH | K17: COACH_RESUME_LINE4
A18: =A14+4 -> 294 | B18: DEF. COACH | C18: DEF. COACH | I18: =B18 &" " & C18 -> DEF. COACH DEF. COACH | K18: =B36 -> LINE 4 TEST LINE 4A
A19: =A14+5 -> 295 | B19: DEF. COACH | C19: DEF. COACH | I19: =B19 &" " & C19 -> DEF. COACH DEF. COACH
A20: =A14+6 -> 296 | B20: DEF. COACH | C20: DEF. COACH | I20: =B20 &" " & C20 -> DEF. COACH DEF. COACH | K20: COACH_RESUME_DROP
A21: =A14+7 -> 297 | B21: DEF. COACH | C21: DEF. COACH | I21: =B21 &" " & C21 -> DEF. COACH DEF. COACH | K21: =B38 -> DROPLINE HERE
A22: =A14+8 -> 298 | B22: DEF. COACH | C22: DEF. COACH | I22: =B22 &" " & C22 -> DEF. COACH DEF. COACH
A23: =A14+9 -> 299 | B23: DEF. COACH | C23: DEF. COACH | I23: =B23 &" " & C23 -> DEF. COACH DEF. COACH | K23: COACH_RESUME_ROWS
A24: ** MAKE SURE YOU SELECT AWAY OR HOME ON THE TEAM INFO TAB (CELL B2) ** | I24: =B24 &" " & C24 | K24: =B27 -> 3
A25: Coach Resume: | B25: =IF('Team Info'!$B$2 = "Away",4179,4279) -> 4279
A26: Title | B26: COACHING RÉSUMÉ | D26: Head Coach: Fill in first/last name in cells B3/C3. This will copy to the row 4 coach shells.
A27: Num Rows (1-4) | B27: 3 | D27: Remaining rows are for coaches 2-8
A28: First Name (CAPS) | B28: =B3 -> COACH
A29: Last Name (CAPS) | B29: =C3 -> COACH
A30: Line1 | B30: LINE 1 TEXT HERE LINE 2 TEXT HERE
A32: Line2 | B32: LINE2 TEST LINE 2A
A34: Line3 | B34: LINE 3 TEST LINE 3A
A36: Line4 | B36: LINE 4 TEST LINE 4A
A38: Drop | B38: DROPLINE HERE
A41: Note: press ALT-ENTER to break into multiple lines

Sheet Roster
A1: Roster | B1: All information on this tab fills in from the "MAIN" tab so you should not need to fill anything out here. Use this tab to check to make sure things are coming over correctly | U1: =IF('Team Info'!$B$21="BASEBALL","SBALL","CBASE") -> SBALL
M2: ALL CAPS | O2: Optional
A3: Jersey | B3: Display | C3: First Name | D3: Last Name | E3: POS | F3: Bats | G3: Throws | H3: Height | I3: Weight | J3: Birthday | K3: Hometown | L3: Year | M3: Major | N3: Bio Dropline | O3: ESPN 100 Rank | P3: HEADER | Q3: Age | R3: Age Text | S3: BA | T3: HR | U3: Headshot | V3: Actionshot | W3: Num Name | X3: Full Name | Y3: Full Name CAPS | Z3: Initial Name | AA3: First Name CAPS | AB3: Last Name CAPS | AC3: Year | AD3: Year | AE3: Year CAPS | AF3: Weight LBS | AG3: Major Full | AH3: Num Name | AI3: Next HR
A4: 1 | B4: 1 | C4: =IFERROR(INDEX(NAME_RANGE,MATCH(B4,NUM_RANGE,FALSE),2),"-") -> Firstname | D4: =IFERROR(INDEX(NAME_RANGE,MATCH(B4,NUM_RANGE,FALSE),1),"-") -> Lastname | E4: =IFERROR(VLOOKUP($B4,INPUT_RANGE,2,FALSE),"-") -> P | F4: =IFERROR(VLOOKUP($B4,INPUT_RANGE,3,FALSE),"-") -> 0 | G4: =IFERROR(VLOOKUP($B4,INPUT_RANGE,4,FALSE),"-") -> RHP | H4: =IFERROR(VLOOKUP($B4,INPUT_RANGE,7,FALSE),"-") -> 6'2" | I4: =IFERROR(VLOOKUP($B4,INPUT_RANGE,8,FALSE),"-") -> 0 | K4: =IFERROR(VLOOKUP($B4,INPUT_RANGE,5,FALSE)&", "&VLOOKUP($B4,INPUT_RANGE,6,FALSE),"-") -> Callahan, FL | L4: =IFERROR(VLOOKUP($B4,INPUT_RANGE,9,FALSE),"-") -> 1 | M4: =IFERROR(VLOOKUP($B4,INPUT_RANGE,11,FALSE),"-") -> 0 | N4: =IFERROR(VLOOKUP($B4,INPUT_RANGE,12,FALSE),"-") | P4: =IF(M3="Header", 0, 1) -> 1 | Q4: =IF(J4="","",INT(YEARFRAC($J4, TODAY()))) | R4: =IF(Q4="","","Age: " & Q4) | S4: =RIGHT(ROUND(VLOOKUP(B4,INPUT_RANGE,54,FALSE)/VLOOKUP(B4,INPUT_RANGE,52,FALSE),3),4) -> .667 | T4: =VLOOKUP($B4,INPUT_RANGE,57,FALSE) -> 1 | U4: ="D:\IMS Images\Headshots\"&IF('Team Info'!$B$21="BASEBALL","CBASE","SBALL")&"\"&'Team Info'!$B$11&"\"&D4&"_"&C4&".png" -> D:\IMS Images\Headshots\CBASE\GENERIC_BASEBALL\Lastname_Firstname.png | V4: ="D:\IMS Images\ActionShots\"&IF('Team Info'!$B$21="BASEBALL","CBASE","SBALL")&"\"&'Team Info'!$B$11&"\"&D4&"_"&C4&".png" -> D:\IMS Images\ActionShots\CBASE\GENERIC_BASEBALL\Lastname_Firstname.png | W4: =B4 & " " & X4 -> 1 Firstname Lastname | X4: =C4&" "&D4 -> Firstname Lastname | Y4: =UPPER(X4) -> FIRSTNAME LASTNAME | Z4: =LEFT(C4,1)&". "&D4 -> F. Lastname | AA4: =UPPER(C4) -> FIRSTNAME | AB4: =UPPER(D4) -> LASTNAME | AC4: =IF($L4=4,"Senior",IF($L4=3,"Junior",IF($L4=2,"Sophomore",IF($L4=1,"Freshman","")))) -> Freshman | AD4: =IF($L4=4,"SR",IF($L4=3,"JR",IF($L4=2,"SO",IF($L4=1,"FR","")))) -> FR | AE4: =UPPER(AC4) -> FRESHMAN | AF4: =$I4 & " lbs" -> 0 lbs | AG4: ="MAJOR: " & UPPER(M4) -> MAJOR: 0 | AH4: =B4 & " " & UPPER(X4) -> 1 FIRSTNAME LASTNAME | AI4: =IF(T4=0,"1st",$T4+1&IF(AND(MOD(ABS($T4+1),100)>10,MOD(ABS($T4+1),100)<14),"th",CHOOSE(MOD(ABS($T4+1),10)+1,"th","st","nd","rd","th","th","th","th","th","th"))) -> 2nd
A5: 2 | B5: 2 | C5: =IFERROR(INDEX(NAME_RANGE,MATCH(B5,NUM_RANGE,FALSE),2),"-") -> Firstname | D5: =IFERROR(INDEX(NAME_RANGE,MATCH(B5,NUM_RANGE,FALSE),1),"-") -> LastName | E5: =IFERROR(VLOOKUP($B5,INPUT_RANGE,2,FALSE),"-") -> SS | F5: =IFERROR(VLOOKUP($B5,INPUT_RANGE,3,FALSE),"-") -> R | G5: =IFERROR(VLOOKUP($B5,INPUT_RANGE,4,FALSE),"-") -> R | H5: =IFERROR(VLOOKUP($B5,INPUT_RANGE,7,FALSE),"-") -> 6'1" | I5: =IFERROR(VLOOKUP($B5,INPUT_RANGE,8,FALSE),"-") -> 0 | K5: =IFERROR(VLOOKUP($B5,INPUT_RANGE,5,FALSE)&", "&VLOOKUP($B5,INPUT_RANGE,6,FALSE),"-") -> Charlotte, NC | L5: =IFERROR(VLOOKUP($B5,INPUT_RANGE,9,FALSE),"-") -> 4 | M5: =IFERROR(VLOOKUP($B5,INPUT_RANGE,11,FALSE),"-") -> 0 | N5: =IFERROR(VLOOKUP($B5,INPUT_RANGE,12,FALSE),"-") | Q5: =IF(J5="","",INT(YEARFRAC($J5, TODAY()))) | R5: =IF(Q5="","","Age: " & Q5) | S5: =RIGHT(ROUND(VLOOKUP(B5,INPUT_RANGE,54,FALSE)/VLOOKUP(B5,INPUT_RANGE,52,FALSE),3),4) -> .259 | T5: =VLOOKUP($B5,INPUT_RANGE,57,FALSE) -> 1 | U5: ="D:\IMS Images\Headshots\"&IF('Team Info'!$B$21="BASEBALL","CBASE","SBALL")&"\"&'Team Info'!$B$11&"\"&D5&"_"&C5&".png" -> D:\IMS Images\Headshots\CBASE\GENERIC_BASEBALL\LastName_Firstname.png | V5: ="D:\IMS Images\ActionShots\"&IF('Team Info'!$B$21="BASEBALL","CBASE","SBALL")&"\"&'Team Info'!$B$11&"\"&D5&"_"&C5&".png" -> D:\IMS Images\ActionShots\CBASE\GENERIC_BASEBALL\LastName_Firstname.png | W5: =B5 & " " & X5 -> 2 Firstname LastName | X5: =C5&" "&D5 -> Firstname LastName | Y5: =UPPER(X5) -> FIRSTNAME LASTNAME | Z5: =LEFT(C5,1)&". "&D5 -> F. LastName | AA5: =UPPER(C5) -> FIRSTNAME | AB5: =UPPER(D5) -> LASTNAME | AC5: =IF($L5=4,"Senior",IF($L5=3,"Junior",IF($L5=2,"Sophomore",IF($L5=1,"Freshman","")))) -> Senior | AD5: =IF($L5=4,"SR",IF($L5=3,"JR",IF($L5=2,"SO",IF($L5=1,"FR","")))) -> SR | AE5: =UPPER(AC5) -> SENIOR | AF5: =$I5 & " lbs" -> 0 lbs | AG5: ="MAJOR: " & UPPER(M5) -> MAJOR: 0 | AH5: =B5 & " " & UPPER(X5) -> 2 FIRSTNAME LASTNAME | AI5: =IF(T5=0,"1st",$T5+1&IF(AND(MOD(ABS($T5+1),100)>10,MOD(ABS($T5+1),100)<14),"th",CHOOSE(MOD(ABS($T5+1),10)+1,"th","st","nd","rd","th","th","th","th","th","th"))) -> 2nd
A6: 3 | B6: 3 | C6: =IFERROR(INDEX(NAME_RANGE,MATCH(B6,NUM_RANGE,FALSE),2),"-") -> - | D6: =IFERROR(INDEX(NAME_RANGE,MATCH(B6,NUM_RANGE,FALSE),1),"-") -> - | E6: =IFERROR(VLOOKUP($B6,INPUT_RANGE,2,FALSE),"-") -> - | F6: =IFERROR(VLOOKUP($B6,INPUT_RANGE,3,FALSE),"-") -> - | G6: =IFERROR(VLOOKUP($B6,INPUT_RANGE,4,FALSE),"-") -> - | H6: =IFERROR(VLOOKUP($B6,INPUT_RANGE,7,FALSE),"-") -> - | I6: =IFERROR(VLOOKUP($B6,INPUT_RANGE,8,FALSE),"-") -> - | K6: =IFERROR(VLOOKUP($B6,INPUT_RANGE,5,FALSE)&", "&VLOOKUP($B6,INPUT_RANGE,6,FALSE),"-") -> - | L6: =IFERROR(VLOOKUP($B6,INPUT_RANGE,9,FALSE),"-") -> - | M6: =IFERROR(VLOOKUP($B6,INPUT_RANGE,11,FALSE),"-") -> - | N6: =IFERROR(VLOOKUP($B6,INPUT_RANGE,12,FALSE),"-") -> - | Q6: =IF(J6="","",INT(YEARFRAC($J6, TODAY()))) | R6: =IF(Q6="","","Age: " & Q6) | S6: =RIGHT(ROUND(VLOOKUP(B6,INPUT_RANGE,54,FALSE)/VLOOKUP(B6,INPUT_RANGE,52,FALSE),3),4) -> #N/A | T6: =VLOOKUP($B6,INPUT_RANGE,57,FALSE) -> #N/A | U6: ="D:\IMS Images\Headshots\"&IF('Team Info'!$B$21="BASEBALL","CBASE","SBALL")&"\"&'Team Info'!$B$11&"\"&D6&"_"&C6&".png" -> D:\IMS Images\Headshots\CBASE\GENERIC_BASEBALL\-_-.png | V6: ="D:\IMS Images\ActionShots\"&IF('Team Info'!$B$21="BASEBALL","CBASE","SBALL")&"\"&'Team Info'!$B$11&"\"&D6&"_"&C6&".png" -> D:\IMS Images\ActionShots\CBASE\GENERIC_BASEBALL\-_-.png | W6: =B6 & " " & X6 -> 3 - - | X6: =C6&" "&D6 -> - - | Y6: =UPPER(X6) -> - - | Z6: =LEFT(C6,1)&". "&D6 -> -. - | AA6: =UPPER(C6) -> - | AB6: =UPPER(D6) -> - | AC6: =IF($L6=4,"Senior",IF($L6=3,"Junior",IF($L6=2,"Sophomore",IF($L6=1,"Freshman","")))) | AD6: =IF($L6=4,"SR",IF($L6=3,"JR",IF($L6=2,"SO",IF($L6=1,"FR","")))) | AE6: =UPPER(AC6) | AF6: =$I6 & " lbs" -> - lbs | AG6: ="MAJOR: " & UPPER(M6) -> MAJOR: - | AH6: =B6 & " " & UPPER(X6) -> 3 - - | AI6: =IF(T6=0,"1st",$T6+1&IF(AND(MOD(ABS($T6+1),100)>10,MOD(ABS($T6+1),100)<14),"th",CHOOSE(MOD(ABS($T6+1),10)+1,"th","st","nd","rd","th","th","th","th","th","th"))) -> #N/A
A7: 4 | B7: 4 | C7: =IFERROR(INDEX(NAME_RANGE,MATCH(B7,NUM_RANGE,FALSE),2),"-") -> - | D7: =IFERROR(INDEX(NAME_RANGE,MATCH(B7,NUM_RANGE,FALSE),1),"-") -> - | E7: =IFERROR(VLOOKUP($B7,INPUT_RANGE,2,FALSE),"-") -> - | F7: =IFERROR(VLOOKUP($B7,INPUT_RANGE,3,FALSE),"-") -> - | G7: =IFERROR(VLOOKUP($B7,INPUT_RANGE,4,FALSE),"-") -> - | H7: =IFERROR(VLOOKUP($B7,INPUT_RANGE,7,FALSE),"-") -> - | I7: =IFERROR(VLOOKUP($B7,INPUT_RANGE,8,FALSE),"-") -> - | K7: =IFERROR(VLOOKUP($B7,INPUT_RANGE,5,FALSE)&", "&VLOOKUP($B7,INPUT_RANGE,6,FALSE),"-") -> - | L7: =IFERROR(VLOOKUP($B7,INPUT_RANGE,9,FALSE),"-") -> - | M7: =IFERROR(VLOOKUP($B7,INPUT_RANGE,11,FALSE),"-") -> - | N7: =IFERROR(VLOOKUP($B7,INPUT_RANGE,12,FALSE),"-") -> - | P7: HDR_SEL | Q7: =IF(J7="","",INT(YEARFRAC($J7, TODAY()))) | R7: =IF(Q7="","","Age: " & Q7) | S7: =RIGHT(ROUND(VLOOKUP(B7,INPUT_RANGE,54,FALSE)/VLOOKUP(B7,INPUT_RANGE,52,FALSE),3),4) -> #N/A | T7: =VLOOKUP($B7,INPUT_RANGE,57,FALSE) -> #N/A | U7: ="D:\IMS Images\Headshots\"&IF('Team Info'!$B$21="BASEBALL","CBASE","SBALL")&"\"&'Team Info'!$B$11&"\"&D7&"_"&C7&".png" -> D:\IMS Images\Headshots\CBASE\GENERIC_BASEBALL\-_-.png | V7: ="D:\IMS Images\ActionShots\"&IF('Team Info'!$B$21="BASEBALL","CBASE","SBALL")&"\"&'Team Info'!$B$11&"\"&D7&"_"&C7&".png" -> D:\IMS Images\ActionShots\CBASE\GENERIC_BASEBALL\-_-.png | W7: =B7 & " " & X7 -> 4 - - | X7: =C7&" "&D7 -> - - | Y7: =UPPER(X7) -> - - | Z7: =LEFT(C7,1)&". "&D7 -> -. - | AA7: =UPPER(C7) -> - | AB7: =UPPER(D7) -> - | AC7: =IF($L7=4,"Senior",IF($L7=3,"Junior",IF($L7=2,"Sophomore",IF($L7=1,"Freshman","")))) | AD7: =IF($L7=4,"SR",IF($L7=3,"JR",IF($L7=2,"SO",IF($L7=1,"FR","")))) | AE7: =UPPER(AC7) | AF7: =$I7 & " lbs" -> - lbs | AG7: ="MAJOR: " & UPPER(M7) -> MAJOR: - | AH7: =B7 & " " & UPPER(X7) -> 4 - - | AI7: =IF(T7=0,"1st",$T7+1&IF(AND(MOD(ABS($T7+1),100)>10,MOD(ABS($T7+1),100)<14),"th",CHOOSE(MOD(ABS($T7+1),10)+1,"th","st","nd","rd","th","th","th","th","th","th"))) -> #N/A
A8: 5 | B8: 5 | C8: =IFERROR(INDEX(NAME_RANGE,MATCH(B8,NUM_RANGE,FALSE),2),"-") -> - | D8: =IFERROR(INDEX(NAME_RANGE,MATCH(B8,NUM_RANGE,FALSE),1),"-") -> - | E8: =IFERROR(VLOOKUP($B8,INPUT_RANGE,2,FALSE),"-") -> - | F8: =IFERROR(VLOOKUP($B8,INPUT_RANGE,3,FALSE),"-") -> - | G8: =IFERROR(VLOOKUP($B8,INPUT_RANGE,4,FALSE),"-") -> - | H8: =IFERROR(VLOOKUP($B8,INPUT_RANGE,7,FALSE),"-") -> - | I8: =IFERROR(VLOOKUP($B8,INPUT_RANGE,8,FALSE),"-") -> - | K8: =IFERROR(VLOOKUP($B8,INPUT_RANGE,5,FALSE)&", "&VLOOKUP($B8,INPUT_RANGE,6,FALSE),"-") -> - | L8: =IFERROR(VLOOKUP($B8,INPUT_RANGE,9,FALSE),"-") -> - | M8: =IFERROR(VLOOKUP($B8,INPUT_RANGE,11,FALSE),"-") -> - | N8: =IFERROR(VLOOKUP($B8,INPUT_RANGE,12,FALSE),"-") -> - | P8: Header | Q8: =IF(J8="","",INT(YEARFRAC($J8, TODAY()))) | R8: =IF(Q8="","","Age: " & Q8) | S8: =RIGHT(ROUND(VLOOKUP(B8,INPUT_RANGE,54,FALSE)/VLOOKUP(B8,INPUT_RANGE,52,FALSE),3),4) -> #N/A | T8: =VLOOKUP($B8,INPUT_RANGE,57,FALSE) -> #N/A | U8: ="D:\IMS Images\Headshots\"&IF('Team Info'!$B$21="BASEBALL","CBASE","SBALL")&"\"&'Team Info'!$B$11&"\"&D8&"_"&C8&".png" -> D:\IMS Images\Headshots\CBASE\GENERIC_BASEBALL\-_-.png | V8: ="D:\IMS Images\ActionShots\"&IF('Team Info'!$B$21="BASEBALL","CBASE","SBALL")&"\"&'Team Info'!$B$11&"\"&D8&"_"&C8&".png" -> D:\IMS Images\ActionShots\CBASE\GENERIC_BASEBALL\-_-.png | W8: =B8 & " " & X8 -> 5 - - | X8: =C8&" "&D8 -> - - | Y8: =UPPER(X8) -> - - | Z8: =LEFT(C8,1)&". "&D8 -> -. - | AA8: =UPPER(C8) -> - | AB8: =UPPER(D8) -> - | AC8: =IF($L8=4,"Senior",IF($L8=3,"Junior",IF($L8=2,"Sophomore",IF($L8=1,"Freshman","")))) | AD8: =IF($L8=4,"SR",IF($L8=3,"JR",IF($L8=2,"SO",IF($L8=1,"FR","")))) | AE8: =UPPER(AC8) | AF8: =$I8 & " lbs" -> - lbs | AG8: ="MAJOR: " & UPPER(M8) -> MAJOR: - | AH8: =B8 & " " & UPPER(X8) -> 5 - - | AI8: =IF(T8=0,"1st",$T8+1&IF(AND(MOD(ABS($T8+1),100)>10,MOD(ABS($T8+1),100)<14),"th",CHOOSE(MOD(ABS($T8+1),10)+1,"th","st","nd","rd","th","th","th","th","th","th"))) -> #N/A
A9: 6 | B9: 6 | C9: =IFERROR(INDEX(NAME_RANGE,MATCH(B9,NUM_RANGE,FALSE),2),"-") -> - | D9: =IFERROR(INDEX(NAME_RANGE,MATCH(B9,NUM_RANGE,FALSE),1),"-") -> - | E9: =IFERROR(VLOOKUP($B9,INPUT_RANGE,2,FALSE),"-") -> - | F9: =IFERROR(VLOOKUP($B9,INPUT_RANGE,3,FALSE),"-") -> - | G9: =IFERROR(VLOOKUP($B9,INPUT_RANGE,4,FALSE),"-") -> - | H9: =IFERROR(VLOOKUP($B9,INPUT_RANGE,7,FALSE),"-") -> - | I9: =IFERROR(VLOOKUP($B9,INPUT_RANGE,8,FALSE),"-") -> - | K9: =IFERROR(VLOOKUP($B9,INPUT_RANGE,5,FALSE)&", "&VLOOKUP($B9,INPUT_RANGE,6,FALSE),"-") -> - | L9: =IFERROR(VLOOKUP($B9,INPUT_RANGE,9,FALSE),"-") -> - | M9: =IFERROR(VLOOKUP($B9,INPUT_RANGE,11,FALSE),"-") -> - | N9: =IFERROR(VLOOKUP($B9,INPUT_RANGE,12,FALSE),"-") -> - | P9: Major | Q9: =IF(J9="","",INT(YEARFRAC($J9, TODAY()))) | R9: =IF(Q9="","","Age: " & Q9) | S9: =RIGHT(ROUND(VLOOKUP(B9,INPUT_RANGE,54,FALSE)/VLOOKUP(B9,INPUT_RANGE,52,FALSE),3),4) -> #N/A | T9: =VLOOKUP($B9,INPUT_RANGE,57,FALSE) -> #N/A | U9: ="D:\IMS Images\Headshots\"&IF('Team Info'!$B$21="BASEBALL","CBASE","SBALL")&"\"&'Team Info'!$B$11&"\"&D9&"_"&C9&".png" -> D:\IMS Images\Headshots\CBASE\GENERIC_BASEBALL\-_-.png | V9: ="D:\IMS Images\ActionShots\"&IF('Team Info'!$B$21="BASEBALL","CBASE","SBALL")&"\"&'Team Info'!$B$11&"\"&D9&"_"&C9&".png" -> D:\IMS Images\ActionShots\CBASE\GENERIC_BASEBALL\-_-.png | W9: =B9 & " " & X9 -> 6 - - | X9: =C9&" "&D9 -> - - | Y9: =UPPER(X9) -> - - | Z9: =LEFT(C9,1)&". "&D9 -> -. - | AA9: =UPPER(C9) -> - | AB9: =UPPER(D9) -> - | AC9: =IF($L9=4,"Senior",IF($L9=3,"Junior",IF($L9=2,"Sophomore",IF($L9=1,"Freshman","")))) | AD9: =IF($L9=4,"SR",IF($L9=3,"JR",IF($L9=2,"SO",IF($L9=1,"FR","")))) | AE9: =UPPER(AC9) | AF9: =$I9 & " lbs" -> - lbs | AG9: ="MAJOR: " & UPPER(M9) -> MAJOR: - | AH9: =B9 & " " & UPPER(X9) -> 6 - - | AI9: =IF(T9=0,"1st",$T9+1&IF(AND(MOD(ABS($T9+1),100)>10,MOD(ABS($T9+1),100)<14),"th",CHOOSE(MOD(ABS($T9+1),10)+1,"th","st","nd","rd","th","th","th","th","th","th"))) -> #N/A
A10: 7 | B10: 7 | C10: =IFERROR(INDEX(NAME_RANGE,MATCH(B10,NUM_RANGE,FALSE),2),"-") -> - | D10: =IFERROR(INDEX(NAME_RANGE,MATCH(B10,NUM_RANGE,FALSE),1),"-") -> - | E10: =IFERROR(VLOOKUP($B10,INPUT_RANGE,2,FALSE),"-") -> - | F10: =IFERROR(VLOOKUP($B10,INPUT_RANGE,3,FALSE),"-") -> - | G10: =IFERROR(VLOOKUP($B10,INPUT_RANGE,4,FALSE),"-") -> - | H10: =IFERROR(VLOOKUP($B10,INPUT_RANGE,7,FALSE),"-") -> - | I10: =IFERROR(VLOOKUP($B10,INPUT_RANGE,8,FALSE),"-") -> - | K10: =IFERROR(VLOOKUP($B10,INPUT_RANGE,5,FALSE)&", "&VLOOKUP($B10,INPUT_RANGE,6,FALSE),"-") -> - | L10: =IFERROR(VLOOKUP($B10,INPUT_RANGE,9,FALSE),"-") -> - | M10: =IFERROR(VLOOKUP($B10,INPUT_RANGE,11,FALSE),"-") -> - | N10: =IFERROR(VLOOKUP($B10,INPUT_RANGE,12,FALSE),"-") -> - | Q10: =IF(J10="","",INT(YEARFRAC($J10, TODAY()))) | R10: =IF(Q10="","","Age: " & Q10) | S10: =RIGHT(ROUND(VLOOKUP(B10,INPUT_RANGE,54,FALSE)/VLOOKUP(B10,INPUT_RANGE,52,FALSE),3),4) -> #N/A | T10: =VLOOKUP($B10,INPUT_RANGE,57,FALSE) -> #N/A | U10: ="D:\IMS Images\Headshots\"&IF('Team Info'!$B$21="BASEBALL","CBASE","SBALL")&"\"&'Team Info'!$B$11&"\"&D10&"_"&C10&".png" -> D:\IMS Images\Headshots\CBASE\GENERIC_BASEBALL\-_-.png | V10: ="D:\IMS Images\ActionShots\"&IF('Team Info'!$B$21="BASEBALL","CBASE","SBALL")&"\"&'Team Info'!$B$11&"\"&D10&"_"&C10&".png" -> D:\IMS Images\ActionShots\CBASE\GENERIC_BASEBALL\-_-.png | W10: =B10 & " " & X10 -> 7 - - | X10: =C10&" "&D10 -> - - | Y10: =UPPER(X10) -> - - | Z10: =LEFT(C10,1)&". "&D10 -> -. - | AA10: =UPPER(C10) -> - | AB10: =UPPER(D10) -> - | AC10: =IF($L10=4,"Senior",IF($L10=3,"Junior",IF($L10=2,"Sophomore",IF($L10=1,"Freshman","")))) | AD10: =IF($L10=4,"SR",IF($L10=3,"JR",IF($L10=2,"SO",IF($L10=1,"FR","")))) | AE10: =UPPER(AC10) | AF10: =$I10 & " lbs" -> - lbs | AG10: ="MAJOR: " & UPPER(M10) -> MAJOR: - | AH10: =B10 & " " & UPPER(X10) -> 7 - - | AI10: =IF(T10=0,"1st",$T10+1&IF(AND(MOD(ABS($T10+1),100)>10,MOD(ABS($T10+1),100)<14),"th",CHOOSE(MOD(ABS($T10+1),10)+1,"th","st","nd","rd","th","th","th","th","th","th"))) -> #N/A
A11: 8 | B11: 8 | C11: =IFERROR(INDEX(NAME_RANGE,MATCH(B11,NUM_RANGE,FALSE),2),"-") -> - | D11: =IFERROR(INDEX(NAME_RANGE,MATCH(B11,NUM_RANGE,FALSE),1),"-") -> - | E11: =IFERROR(VLOOKUP($B11,INPUT_RANGE,2,FALSE),"-") -> - | F11: =IFERROR(VLOOKUP($B11,INPUT_RANGE,3,FALSE),"-") -> - | G11: =IFERROR(VLOOKUP($B11,INPUT_RANGE,4,FALSE),"-") -> - | H11: =IFERROR(VLOOKUP($B11,INPUT_RANGE,7,FALSE),"-") -> - | I11: =IFERROR(VLOOKUP($B11,INPUT_RANGE,8,FALSE),"-") -> - | K11: =IFERROR(VLOOKUP($B11,INPUT_RANGE,5,FALSE)&", "&VLOOKUP($B11,INPUT_RANGE,6,FALSE),"-") -> - | L11: =IFERROR(VLOOKUP($B11,INPUT_RANGE,9,FALSE),"-") -> - | M11: =IFERROR(VLOOKUP($B11,INPUT_RANGE,11,FALSE),"-") -> - | N11: =IFERROR(VLOOKUP($B11,INPUT_RANGE,12,FALSE),"-") -> - | Q11: =IF(J11="","",INT(YEARFRAC($J11, TODAY()))) | R11: =IF(Q11="","","Age: " & Q11) | S11: =RIGHT(ROUND(VLOOKUP(B11,INPUT_RANGE,54,FALSE)/VLOOKUP(B11,INPUT_RANGE,52,FALSE),3),4) -> #N/A | T11: =VLOOKUP($B11,INPUT_RANGE,57,FALSE) -> #N/A | U11: ="D:\IMS Images\Headshots\"&IF('Team Info'!$B$21="BASEBALL","CBASE","SBALL")&"\"&'Team Info'!$B$11&"\"&D11&"_"&C11&".png" -> D:\IMS Images\Headshots\CBASE\GENERIC_BASEBALL\-_-.png | V11: ="D:\IMS Images\ActionShots\"&IF('Team Info'!$B$21="BASEBALL","CBASE","SBALL")&"\"&'Team Info'!$B$11&"\"&D11&"_"&C11&".png" -> D:\IMS Images\ActionShots\CBASE\GENERIC_BASEBALL\-_-.png | W11: =B11 & " " & X11 -> 8 - - | X11: =C11&" "&D11 -> - - | Y11: =UPPER(X11) -> - - | Z11: =LEFT(C11,1)&". "&D11 -> -. - | AA11: =UPPER(C11) -> - | AB11: =UPPER(D11) -> - | AC11: =IF($L11=4,"Senior",IF($L11=3,"Junior",IF($L11=2,"Sophomore",IF($L11=1,"Freshman","")))) | AD11: =IF($L11=4,"SR",IF($L11=3,"JR",IF($L11=2,"SO",IF($L11=1,"FR","")))) | AE11: =UPPER(AC11) | AF11: =$I11 & " lbs" -> - lbs | AG11: ="MAJOR: " & UPPER(M11) -> MAJOR: - | AH11: =B11 & " " & UPPER(X11) -> 8 - - | AI11: =IF(T11=0,"1st",$T11+1&IF(AND(MOD(ABS($T11+1),100)>10,MOD(ABS($T11+1),100)<14),"th",CHOOSE(MOD(ABS($T11+1),10)+1,"th","st","nd","rd","th","th","th","th","th","th"))) -> #N/A
A12: 9 | B12: 9 | C12: =IFERROR(INDEX(NAME_RANGE,MATCH(B12,NUM_RANGE,FALSE),2),"-") -> - | D12: =IFERROR(INDEX(NAME_RANGE,MATCH(B12,NUM_RANGE,FALSE),1),"-") -> - | E12: =IFERROR(VLOOKUP($B12,INPUT_RANGE,2,FALSE),"-") -> - | F12: =IFERROR(VLOOKUP($B12,INPUT_RANGE,3,FALSE),"-") -> - | G12: =IFERROR(VLOOKUP($B12,INPUT_RANGE,4,FALSE),"-") -> - | H12: =IFERROR(VLOOKUP($B12,INPUT_RANGE,7,FALSE),"-") -> - | I12: =IFERROR(VLOOKUP($B12,INPUT_RANGE,8,FALSE),"-") -> - | K12: =IFERROR(VLOOKUP($B12,INPUT_RANGE,5,FALSE)&", "&VLOOKUP($B12,INPUT_RANGE,6,FALSE),"-") -> - | L12: =IFERROR(VLOOKUP($B12,INPUT_RANGE,9,FALSE),"-") -> - | M12: =IFERROR(VLOOKUP($B12,INPUT_RANGE,11,FALSE),"-") -> - | N12: =IFERROR(VLOOKUP($B12,INPUT_RANGE,12,FALSE),"-") -> - | Q12: =IF(J12="","",INT(YEARFRAC($J12, TODAY()))) | R12: =IF(Q12="","","Age: " & Q12) | S12: =RIGHT(ROUND(VLOOKUP(B12,INPUT_RANGE,54,FALSE)/VLOOKUP(B12,INPUT_RANGE,52,FALSE),3),4) -> #N/A | T12: =VLOOKUP($B12,INPUT_RANGE,57,FALSE) -> #N/A | U12: ="D:\IMS Images\Headshots\"&IF('Team Info'!$B$21="BASEBALL","CBASE","SBALL")&"\"&'Team Info'!$B$11&"\"&D12&"_"&C12&".png" -> D:\IMS Images\Headshots\CBASE\GENERIC_BASEBALL\-_-.png | V12: ="D:\IMS Images\ActionShots\"&IF('Team Info'!$B$21="BASEBALL","CBASE","SBALL")&"\"&'Team Info'!$B$11&"\"&D12&"_"&C12&".png" -> D:\IMS Images\ActionShots\CBASE\GENERIC_BASEBALL\-_-.png | W12: =B12 & " " & X12 -> 9 - - | X12: =C12&" "&D12 -> - - | Y12: =UPPER(X12) -> - - | Z12: =LEFT(C12,1)&". "&D12 -> -. - | AA12: =UPPER(C12) -> - | AB12: =UPPER(D12) -> - | AC12: =IF($L12=4,"Senior",IF($L12=3,"Junior",IF($L12=2,"Sophomore",IF($L12=1,"Freshman","")))) | AD12: =IF($L12=4,"SR",IF($L12=3,"JR",IF($L12=2,"SO",IF($L12=1,"FR","")))) | AE12: =UPPER(AC12) | AF12: =$I12 & " lbs" -> - lbs | AG12: ="MAJOR: " & UPPER(M12) -> MAJOR: - | AH12: =B12 & " " & UPPER(X12) -> 9 - - | AI12: =IF(T12=0,"1st",$T12+1&IF(AND(MOD(ABS($T12+1),100)>10,MOD(ABS($T12+1),100)<14),"th",CHOOSE(MOD(ABS($T12+1),10)+1,"th","st","nd","rd","th","th","th","th","th","th"))) -> #N/A
A13: 10 | B13: 10 | C13: =IFERROR(INDEX(NAME_RANGE,MATCH(B13,NUM_RANGE,FALSE),2),"-") -> - | D13: =IFERROR(INDEX(NAME_RANGE,MATCH(B13,NUM_RANGE,FALSE),1),"-") -> - | E13: =IFERROR(VLOOKUP($B13,INPUT_RANGE,2,FALSE),"-") -> - | F13: =IFERROR(VLOOKUP($B13,INPUT_RANGE,3,FALSE),"-") -> - | G13: =IFERROR(VLOOKUP($B13,INPUT_RANGE,4,FALSE),"-") -> - | H13: =IFERROR(VLOOKUP($B13,INPUT_RANGE,7,FALSE),"-") -> - | I13: =IFERROR(VLOOKUP($B13,INPUT_RANGE,8,FALSE),"-") -> - | K13: =IFERROR(VLOOKUP($B13,INPUT_RANGE,5,FALSE)&", "&VLOOKUP($B13,INPUT_RANGE,6,FALSE),"-") -> - | L13: =IFERROR(VLOOKUP($B13,INPUT_RANGE,9,FALSE),"-") -> - | M13: =IFERROR(VLOOKUP($B13,INPUT_RANGE,11,FALSE),"-") -> - | N13: =IFERROR(VLOOKUP($B13,INPUT_RANGE,12,FALSE),"-") -> - | Q13: =IF(J13="","",INT(YEARFRAC($J13, TODAY()))) | R13: =IF(Q13="","","Age: " & Q13) | S13: =RIGHT(ROUND(VLOOKUP(B13,INPUT_RANGE,54,FALSE)/VLOOKUP(B13,INPUT_RANGE,52,FALSE),3),4) -> #N/A | T13: =VLOOKUP($B13,INPUT_RANGE,57,FALSE) -> #N/A | U13: ="D:\IMS Images\Headshots\"&IF('Team Info'!$B$21="BASEBALL","CBASE","SBALL")&"\"&'Team Info'!$B$11&"\"&D13&"_"&C13&".png" -> D:\IMS Images\Headshots\CBASE\GENERIC_BASEBALL\-_-.png | V13: ="D:\IMS Images\ActionShots\"&IF('Team Info'!$B$21="BASEBALL","CBASE","SBALL")&"\"&'Team Info'!$B$11&"\"&D13&"_"&C13&".png" -> D:\IMS Images\ActionShots\CBASE\GENERIC_BASEBALL\-_-.png | W13: =B13 & " " & X13 -> 10 - - | X13: =C13&" "&D13 -> - - | Y13: =UPPER(X13) -> - - | Z13: =LEFT(C13,1)&". "&D13 -> -. - | AA13: =UPPER(C13) -> - | AB13: =UPPER(D13) -> - | AC13: =IF($L13=4,"Senior",IF($L13=3,"Junior",IF($L13=2,"Sophomore",IF($L13=1,"Freshman","")))) | AD13: =IF($L13=4,"SR",IF($L13=3,"JR",IF($L13=2,"SO",IF($L13=1,"FR","")))) | AE13: =UPPER(AC13) | AF13: =$I13 & " lbs" -> - lbs | AG13: ="MAJOR: " & UPPER(M13) -> MAJOR: - | AH13: =B13 & " " & UPPER(X13) -> 10 - - | AI13: =IF(T13=0,"1st",$T13+1&IF(AND(MOD(ABS($T13+1),100)>10,MOD(ABS($T13+1),100)<14),"th",CHOOSE(MOD(ABS($T13+1),10)+1,"th","st","nd","rd","th","th","th","th","th","th"))) -> #N/A
A14: 11 | B14: 11 | C14: =IFERROR(INDEX(NAME_RANGE,MATCH(B14,NUM_RANGE,FALSE),2),"-") -> - | D14: =IFERROR(INDEX(NAME_RANGE,MATCH(B14,NUM_RANGE,FALSE),1),"-") -> - | E14: =IFERROR(VLOOKUP($B14,INPUT_RANGE,2,FALSE),"-") -> - | F14: =IFERROR(VLOOKUP($B14,INPUT_RANGE,3,FALSE),"-") -> - | G14: =IFERROR(VLOOKUP($B14,INPUT_RANGE,4,FALSE),"-") -> - | H14: =IFERROR(VLOOKUP($B14,INPUT_RANGE,7,FALSE),"-") -> - | I14: =IFERROR(VLOOKUP($B14,INPUT_RANGE,8,FALSE),"-") -> - | K14: =IFERROR(VLOOKUP($B14,INPUT_RANGE,5,FALSE)&", "&VLOOKUP($B14,INPUT_RANGE,6,FALSE),"-") -> - | L14: =IFERROR(VLOOKUP($B14,INPUT_RANGE,9,FALSE),"-") -> - | M14: =IFERROR(VLOOKUP($B14,INPUT_RANGE,11,FALSE),"-") -> - | N14: =IFERROR(VLOOKUP($B14,INPUT_RANGE,12,FALSE),"-") -> - | Q14: =IF(J14="","",INT(YEARFRAC($J14, TODAY()))) | R14: =IF(Q14="","","Age: " & Q14) | S14: =RIGHT(ROUND(VLOOKUP(B14,INPUT_RANGE,54,FALSE)/VLOOKUP(B14,INPUT_RANGE,52,FALSE),3),4) -> #N/A | T14: =VLOOKUP($B14,INPUT_RANGE,57,FALSE) -> #N/A | U14: ="D:\IMS Images\Headshots\"&IF('Team Info'!$B$21="BASEBALL","CBASE","SBALL")&"\"&'Team Info'!$B$11&"\"&D14&"_"&C14&".png" -> D:\IMS Images\Headshots\CBASE\GENERIC_BASEBALL\-_-.png | V14: ="D:\IMS Images\ActionShots\"&IF('Team Info'!$B$21="BASEBALL","CBASE","SBALL")&"\"&'Team Info'!$B$11&"\"&D14&"_"&C14&".png" -> D:\IMS Images\ActionShots\CBASE\GENERIC_BASEBALL\-_-.png | W14: =B14 & " " & X14 -> 11 - - | X14: =C14&" "&D14 -> - - | Y14: =UPPER(X14) -> - - | Z14: =LEFT(C14,1)&". "&D14 -> -. - | AA14: =UPPER(C14) -> - | AB14: =UPPER(D14) -> - | AC14: =IF($L14=4,"Senior",IF($L14=3,"Junior",IF($L14=2,"Sophomore",IF($L14=1,"Freshman","")))) | AD14: =IF($L14=4,"SR",IF($L14=3,"JR",IF($L14=2,"SO",IF($L14=1,"FR","")))) | AE14: =UPPER(AC14) | AF14: =$I14 & " lbs" -> - lbs | AG14: ="MAJOR: " & UPPER(M14) -> MAJOR: - | AH14: =B14 & " " & UPPER(X14) -> 11 - - | AI14: =IF(T14=0,"1st",$T14+1&IF(AND(MOD(ABS($T14+1),100)>10,MOD(ABS($T14+1),100)<14),"th",CHOOSE(MOD(ABS($T14+1),10)+1,"th","st","nd","rd","th","th","th","th","th","th"))) -> #N/A
A15: 12 | B15: 12 | C15: =IFERROR(INDEX(NAME_RANGE,MATCH(B15,NUM_RANGE,FALSE),2),"-") -> - | D15: =IFERROR(INDEX(NAME_RANGE,MATCH(B15,NUM_RANGE,FALSE),1),"-") -> - | E15: =IFERROR(VLOOKUP($B15,INPUT_RANGE,2,FALSE),"-") -> - | F15: =IFERROR(VLOOKUP($B15,INPUT_RANGE,3,FALSE),"-") -> - | G15: =IFERROR(VLOOKUP($B15,INPUT_RANGE,4,FALSE),"-") -> - | H15: =IFERROR(VLOOKUP($B15,INPUT_RANGE,7,FALSE),"-") -> - | I15: =IFERROR(VLOOKUP($B15,INPUT_RANGE,8,FALSE),"-") -> - | K15: =IFERROR(VLOOKUP($B15,INPUT_RANGE,5,FALSE)&", "&VLOOKUP($B15,INPUT_RANGE,6,FALSE),"-") -> - | L15: =IFERROR(VLOOKUP($B15,INPUT_RANGE,9,FALSE),"-") -> - | M15: =IFERROR(VLOOKUP($B15,INPUT_RANGE,11,FALSE),"-") -> - | N15: =IFERROR(VLOOKUP($B15,INPUT_RANGE,12,FALSE),"-") -> - | Q15: =IF(J15="","",INT(YEARFRAC($J15, TODAY()))) | R15: =IF(Q15="","","Age: " & Q15) | S15: =RIGHT(ROUND(VLOOKUP(B15,INPUT_RANGE,54,FALSE)/VLOOKUP(B15,INPUT_RANGE,52,FALSE),3),4) -> #N/A | T15: =VLOOKUP($B15,INPUT_RANGE,57,FALSE) -> #N/A | U15: ="D:\IMS Images\Headshots\"&IF('Team Info'!$B$21="BASEBALL","CBASE","SBALL")&"\"&'Team Info'!$B$11&"\"&D15&"_"&C15&".png" -> D:\IMS Images\Headshots\CBASE\GENERIC_BASEBALL\-_-.png | V15: ="D:\IMS Images\ActionShots\"&IF('Team Info'!$B$21="BASEBALL","CBASE","SBALL")&"\"&'Team Info'!$B$11&"\"&D15&"_"&C15&".png" -> D:\IMS Images\ActionShots\CBASE\GENERIC_BASEBALL\-_-.png | W15: =B15 & " " & X15 -> 12 - - | X15: =C15&" "&D15 -> - - | Y15: =UPPER(X15) -> - - | Z15: =LEFT(C15,1)&". "&D15 -> -. - | AA15: =UPPER(C15) -> - | AB15: =UPPER(D15) -> - | AC15: =IF($L15=4,"Senior",IF($L15=3,"Junior",IF($L15=2,"Sophomore",IF($L15=1,"Freshman","")))) | AD15: =IF($L15=4,"SR",IF($L15=3,"JR",IF($L15=2,"SO",IF($L15=1,"FR","")))) | AE15: =UPPER(AC15) | AF15: =$I15 & " lbs" -> - lbs | AG15: ="MAJOR: " & UPPER(M15) -> MAJOR: - | AH15: =B15 & " " & UPPER(X15) -> 12 - - | AI15: =IF(T15=0,"1st",$T15+1&IF(AND(MOD(ABS($T15+1),100)>10,MOD(ABS($T15+1),100)<14),"th",CHOOSE(MOD(ABS($T15+1),10)+1,"th","st","nd","rd","th","th","th","th","th","th"))) -> #N/A
A16: 13 | B16: 13 | C16: =IFERROR(INDEX(NAME_RANGE,MATCH(B16,NUM_RANGE,FALSE),2),"-") -> - | D16: =IFERROR(INDEX(NAME_RANGE,MATCH(B16,NUM_RANGE,FALSE),1),"-") -> - | E16: =IFERROR(VLOOKUP($B16,INPUT_RANGE,2,FALSE),"-") -> - | F16: =IFERROR(VLOOKUP($B16,INPUT_RANGE,3,FALSE),"-") -> - | G16: =IFERROR(VLOOKUP($B16,INPUT_RANGE,4,FALSE),"-") -> - | H16: =IFERROR(VLOOKUP($B16,INPUT_RANGE,7,FALSE),"-") -> - | I16: =IFERROR(VLOOKUP($B16,INPUT_RANGE,8,FALSE),"-") -> - | K16: =IFERROR(VLOOKUP($B16,INPUT_RANGE,5,FALSE)&", "&VLOOKUP($B16,INPUT_RANGE,6,FALSE),"-") -> - | L16: =IFERROR(VLOOKUP($B16,INPUT_RANGE,9,FALSE),"-") -> - | M16: =IFERROR(VLOOKUP($B16,INPUT_RANGE,11,FALSE),"-") -> - | N16: =IFERROR(VLOOKUP($B16,INPUT_RANGE,12,FALSE),"-") -> - | Q16: =IF(J16="","",INT(YEARFRAC($J16, TODAY()))) | R16: =IF(Q16="","","Age: " & Q16) | S16: =RIGHT(ROUND(VLOOKUP(B16,INPUT_RANGE,54,FALSE)/VLOOKUP(B16,INPUT_RANGE,52,FALSE),3),4) -> #N/A | T16: =VLOOKUP($B16,INPUT_RANGE,57,FALSE) -> #N/A | U16: ="D:\IMS Images\Headshots\"&IF('Team Info'!$B$21="BASEBALL","CBASE","SBALL")&"\"&'Team Info'!$B$11&"\"&D16&"_"&C16&".png" -> D:\IMS Images\Headshots\CBASE\GENERIC_BASEBALL\-_-.png | V16: ="D:\IMS Images\ActionShots\"&IF('Team Info'!$B$21="BASEBALL","CBASE","SBALL")&"\"&'Team Info'!$B$11&"\"&D16&"_"&C16&".png" -> D:\IMS Images\ActionShots\CBASE\GENERIC_BASEBALL\-_-.png | W16: =B16 & " " & X16 -> 13 - - | X16: =C16&" "&D16 -> - - | Y16: =UPPER(X16) -> - - | Z16: =LEFT(C16,1)&". "&D16 -> -. - | AA16: =UPPER(C16) -> - | AB16: =UPPER(D16) -> - | AC16: =IF($L16=4,"Senior",IF($L16=3,"Junior",IF($L16=2,"Sophomore",IF($L16=1,"Freshman","")))) | AD16: =IF($L16=4,"SR",IF($L16=3,"JR",IF($L16=2,"SO",IF($L16=1,"FR","")))) | AE16: =UPPER(AC16) | AF16: =$I16 & " lbs" -> - lbs | AG16: ="MAJOR: " & UPPER(M16) -> MAJOR: - | AH16: =B16 & " " & UPPER(X16) -> 13 - - | AI16: =IF(T16=0,"1st",$T16+1&IF(AND(MOD(ABS($T16+1),100)>10,MOD(ABS($T16+1),100)<14),"th",CHOOSE(MOD(ABS($T16+1),10)+1,"th","st","nd","rd","th","th","th","th","th","th"))) -> #N/A
A17: 14 | B17: 14 | C17: =IFERROR(INDEX(NAME_RANGE,MATCH(B17,NUM_RANGE,FALSE),2),"-") -> - | D17: =IFERROR(INDEX(NAME_RANGE,MATCH(B17,NUM_RANGE,FALSE),1),"-") -> - | E17: =IFERROR(VLOOKUP($B17,INPUT_RANGE,2,FALSE),"-") -> - | F17: =IFERROR(VLOOKUP($B17,INPUT_RANGE,3,FALSE),"-") -> - | G17: =IFERROR(VLOOKUP($B17,INPUT_RANGE,4,FALSE),"-") -> - | H17: =IFERROR(VLOOKUP($B17,INPUT_RANGE,7,FALSE),"-") -> - | I17: =IFERROR(VLOOKUP($B17,INPUT_RANGE,8,FALSE),"-") -> - | K17: =IFERROR(VLOOKUP($B17,INPUT_RANGE,5,FALSE)&", "&VLOOKUP($B17,INPUT_RANGE,6,FALSE),"-") -> - | L17: =IFERROR(VLOOKUP($B17,INPUT_RANGE,9,FALSE),"-") -> - | M17: =IFERROR(VLOOKUP($B17,INPUT_RANGE,11,FALSE),"-") -> - | N17: =IFERROR(VLOOKUP($B17,INPUT_RANGE,12,FALSE),"-") -> - | Q17: =IF(J17="","",INT(YEARFRAC($J17, TODAY()))) | R17: =IF(Q17="","","Age: " & Q17) | S17: =RIGHT(ROUND(VLOOKUP(B17,INPUT_RANGE,54,FALSE)/VLOOKUP(B17,INPUT_RANGE,52,FALSE),3),4) -> #N/A | T17: =VLOOKUP($B17,INPUT_RANGE,57,FALSE) -> #N/A | U17: ="D:\IMS Images\Headshots\"&IF('Team Info'!$B$21="BASEBALL","CBASE","SBALL")&"\"&'Team Info'!$B$11&"\"&D17&"_"&C17&".png" -> D:\IMS Images\Headshots\CBASE\GENERIC_BASEBALL\-_-.png | V17: ="D:\IMS Images\ActionShots\"&IF('Team Info'!$B$21="BASEBALL","CBASE","SBALL")&"\"&'Team Info'!$B$11&"\"&D17&"_"&C17&".png" -> D:\IMS Images\ActionShots\CBASE\GENERIC_BASEBALL\-_-.png | W17: =B17 & " " & X17 -> 14 - - | X17: =C17&" "&D17 -> - - | Y17: =UPPER(X17) -> - - | Z17: =LEFT(C17,1)&". "&D17 -> -. - | AA17: =UPPER(C17) -> - | AB17: =UPPER(D17) -> - | AC17: =IF($L17=4,"Senior",IF($L17=3,"Junior",IF($L17=2,"Sophomore",IF($L17=1,"Freshman","")))) | AD17: =IF($L17=4,"SR",IF($L17=3,"JR",IF($L17=2,"SO",IF($L17=1,"FR","")))) | AE17: =UPPER(AC17) | AF17: =$I17 & " lbs" -> - lbs | AG17: ="MAJOR: " & UPPER(M17) -> MAJOR: - | AH17: =B17 & " " & UPPER(X17) -> 14 - - | AI17: =IF(T17=0,"1st",$T17+1&IF(AND(MOD(ABS($T17+1),100)>10,MOD(ABS($T17+1),100)<14),"th",CHOOSE(MOD(ABS($T17+1),10)+1,"th","st","nd","rd","th","th","th","th","th","th"))) -> #N/A
A18: 15 | B18: 15 | C18: =IFERROR(INDEX(NAME_RANGE,MATCH(B18,NUM_RANGE,FALSE),2),"-") -> - | D18: =IFERROR(INDEX(NAME_RANGE,MATCH(B18,NUM_RANGE,FALSE),1),"-") -> - | E18: =IFERROR(VLOOKUP($B18,INPUT_RANGE,2,FALSE),"-") -> - | F18: =IFERROR(VLOOKUP($B18,INPUT_RANGE,3,FALSE),"-") -> - | G18: =IFERROR(VLOOKUP($B18,INPUT_RANGE,4,FALSE),"-") -> - | H18: =IFERROR(VLOOKUP($B18,INPUT_RANGE,7,FALSE),"-") -> - | I18: =IFERROR(VLOOKUP($B18,INPUT_RANGE,8,FALSE),"-") -> - | K18: =IFERROR(VLOOKUP($B18,INPUT_RANGE,5,FALSE)&", "&VLOOKUP($B18,INPUT_RANGE,6,FALSE),"-") -> - | L18: =IFERROR(VLOOKUP($B18,INPUT_RANGE,9,FALSE),"-") -> - | M18: =IFERROR(VLOOKUP($B18,INPUT_RANGE,11,FALSE),"-") -> - | N18: =IFERROR(VLOOKUP($B18,INPUT_RANGE,12,FALSE),"-") -> - | Q18: =IF(J18="","",INT(YEARFRAC($J18, TODAY()))) | R18: =IF(Q18="","","Age: " & Q18) | S18: =RIGHT(ROUND(VLOOKUP(B18,INPUT_RANGE,54,FALSE)/VLOOKUP(B18,INPUT_RANGE,52,FALSE),3),4) -> #N/A | T18: =VLOOKUP($B18,INPUT_RANGE,57,FALSE) -> #N/A | U18: ="D:\IMS Images\Headshots\"&IF('Team Info'!$B$21="BASEBALL","CBASE","SBALL")&"\"&'Team Info'!$B$11&"\"&D18&"_"&C18&".png" -> D:\IMS Images\Headshots\CBASE\GENERIC_BASEBALL\-_-.png | V18: ="D:\IMS Images\ActionShots\"&IF('Team Info'!$B$21="BASEBALL","CBASE","SBALL")&"\"&'Team Info'!$B$11&"\"&D18&"_"&C18&".png" -> D:\IMS Images\ActionShots\CBASE\GENERIC_BASEBALL\-_-.png | W18: =B18 & " " & X18 -> 15 - - | X18: =C18&" "&D18 -> - - | Y18: =UPPER(X18) -> - - | Z18: =LEFT(C18,1)&". "&D18 -> -. - | AA18: =UPPER(C18) -> - | AB18: =UPPER(D18) -> - | AC18: =IF($L18=4,"Senior",IF($L18=3,"Junior",IF($L18=2,"Sophomore",IF($L18=1,"Freshman","")))) | AD18: =IF($L18=4,"SR",IF($L18=3,"JR",IF($L18=2,"SO",IF($L18=1,"FR","")))) | AE18: =UPPER(AC18) | AF18: =$I18 & " lbs" -> - lbs | AG18: ="MAJOR: " & UPPER(M18) -> MAJOR: - | AH18: =B18 & " " & UPPER(X18) -> 15 - - | AI18: =IF(T18=0,"1st",$T18+1&IF(AND(MOD(ABS($T18+1),100)>10,MOD(ABS($T18+1),100)<14),"th",CHOOSE(MOD(ABS($T18+1),10)+1,"th","st","nd","rd","th","th","th","th","th","th"))) -> #N/A
A19: 16 | B19: 16 | C19: =IFERROR(INDEX(NAME_RANGE,MATCH(B19,NUM_RANGE,FALSE),2),"-") -> - | D19: =IFERROR(INDEX(NAME_RANGE,MATCH(B19,NUM_RANGE,FALSE),1),"-") -> - | E19: =IFERROR(VLOOKUP($B19,INPUT_RANGE,2,FALSE),"-") -> - | F19: =IFERROR(VLOOKUP($B19,INPUT_RANGE,3,FALSE),"-") -> - | G19: =IFERROR(VLOOKUP($B19,INPUT_RANGE,4,FALSE),"-") -> - | H19: =IFERROR(VLOOKUP($B19,INPUT_RANGE,7,FALSE),"-") -> - | I19: =IFERROR(VLOOKUP($B19,INPUT_RANGE,8,FALSE),"-") -> - | K19: =IFERROR(VLOOKUP($B19,INPUT_RANGE,5,FALSE)&", "&VLOOKUP($B19,INPUT_RANGE,6,FALSE),"-") -> - | L19: =IFERROR(VLOOKUP($B19,INPUT_RANGE,9,FALSE),"-") -> - | M19: =IFERROR(VLOOKUP($B19,INPUT_RANGE,11,FALSE),"-") -> - | N19: =IFERROR(VLOOKUP($B19,INPUT_RANGE,12,FALSE),"-") -> - | Q19: =IF(J19="","",INT(YEARFRAC($J19, TODAY()))) | R19: =IF(Q19="","","Age: " & Q19) | S19: =RIGHT(ROUND(VLOOKUP(B19,INPUT_RANGE,54,FALSE)/VLOOKUP(B19,INPUT_RANGE,52,FALSE),3),4) -> #N/A | T19: =VLOOKUP($B19,INPUT_RANGE,57,FALSE) -> #N/A | U19: ="D:\IMS Images\Headshots\"&IF('Team Info'!$B$21="BASEBALL","CBASE","SBALL")&"\"&'Team Info'!$B$11&"\"&D19&"_"&C19&".png" -> D:\IMS Images\Headshots\CBASE\GENERIC_BASEBALL\-_-.png | V19: ="D:\IMS Images\ActionShots\"&IF('Team Info'!$B$21="BASEBALL","CBASE","SBALL")&"\"&'Team Info'!$B$11&"\"&D19&"_"&C19&".png" -> D:\IMS Images\ActionShots\CBASE\GENERIC_BASEBALL\-_-.png | W19: =B19 & " " & X19 -> 16 - - | X19: =C19&" "&D19 -> - - | Y19: =UPPER(X19) -> - - | Z19: =LEFT(C19,1)&". "&D19 -> -. - | AA19: =UPPER(C19) -> - | AB19: =UPPER(D19) -> - | AC19: =IF($L19=4,"Senior",IF($L19=3,"Junior",IF($L19=2,"Sophomore",IF($L19=1,"Freshman","")))) | AD19: =IF($L19=4,"SR",IF($L19=3,"JR",IF($L19=2,"SO",IF($L19=1,"FR","")))) | AE19: =UPPER(AC19) | AF19: =$I19 & " lbs" -> - lbs | AG19: ="MAJOR: " & UPPER(M19) -> MAJOR: - | AH19: =B19 & " " & UPPER(X19) -> 16 - - | AI19: =IF(T19=0,"1st",$T19+1&IF(AND(MOD(ABS($T19+1),100)>10,MOD(ABS($T19+1),100)<14),"th",CHOOSE(MOD(ABS($T19+1),10)+1,"th","st","nd","rd","th","th","th","th","th","th"))) -> #N/A
A20: 17 | B20: 17 | C20: =IFERROR(INDEX(NAME_RANGE,MATCH(B20,NUM_RANGE,FALSE),2),"-") -> - | D20: =IFERROR(INDEX(NAME_RANGE,MATCH(B20,NUM_RANGE,FALSE),1),"-") -> - | E20: =IFERROR(VLOOKUP($B20,INPUT_RANGE,2,FALSE),"-") -> - | F20: =IFERROR(VLOOKUP($B20,INPUT_RANGE,3,FALSE),"-") -> - | G20: =IFERROR(VLOOKUP($B20,INPUT_RANGE,4,FALSE),"-") -> - | H20: =IFERROR(VLOOKUP($B20,INPUT_RANGE,7,FALSE),"-") -> - | I20: =IFERROR(VLOOKUP($B20,INPUT_RANGE,8,FALSE),"-") -> - | K20: =IFERROR(VLOOKUP($B20,INPUT_RANGE,5,FALSE)&", "&VLOOKUP($B20,INPUT_RANGE,6,FALSE),"-") -> - | L20: =IFERROR(VLOOKUP($B20,INPUT_RANGE,9,FALSE),"-") -> - | M20: =IFERROR(VLOOKUP($B20,INPUT_RANGE,11,FALSE),"-") -> - | N20: =IFERROR(VLOOKUP($B20,INPUT_RANGE,12,FALSE),"-") -> - | Q20: =IF(J20="","",INT(YEARFRAC($J20, TODAY()))) | R20: =IF(Q20="","","Age: " & Q20) | S20: =RIGHT(ROUND(VLOOKUP(B20,INPUT_RANGE,54,FALSE)/VLOOKUP(B20,INPUT_RANGE,52,FALSE),3),4) -> #N/A | T20: =VLOOKUP($B20,INPUT_RANGE,57,FALSE) -> #N/A | U20: ="D:\IMS Images\Headshots\"&IF('Team Info'!$B$21="BASEBALL","CBASE","SBALL")&"\"&'Team Info'!$B$11&"\"&D20&"_"&C20&".png" -> D:\IMS Images\Headshots\CBASE\GENERIC_BASEBALL\-_-.png | V20: ="D:\IMS Images\ActionShots\"&IF('Team Info'!$B$21="BASEBALL","CBASE","SBALL")&"\"&'Team Info'!$B$11&"\"&D20&"_"&C20&".png" -> D:\IMS Images\ActionShots\CBASE\GENERIC_BASEBALL\-_-.png | W20: =B20 & " " & X20 -> 17 - - | X20: =C20&" "&D20 -> - - | Y20: =UPPER(X20) -> - - | Z20: =LEFT(C20,1)&". "&D20 -> -. - | AA20: =UPPER(C20) -> - | AB20: =UPPER(D20) -> - | AC20: =IF($L20=4,"Senior",IF($L20=3,"Junior",IF($L20=2,"Sophomore",IF($L20=1,"Freshman","")))) | AD20: =IF($L20=4,"SR",IF($L20=3,"JR",IF($L20=2,"SO",IF($L20=1,"FR","")))) | AE20: =UPPER(AC20) | AF20: =$I20 & " lbs" -> - lbs | AG20: ="MAJOR: " & UPPER(M20) -> MAJOR: - | AH20: =B20 & " " & UPPER(X20) -> 17 - - | AI20: =IF(T20=0,"1st",$T20+1&IF(AND(MOD(ABS($T20+1),100)>10,MOD(ABS($T20+1),100)<14),"th",CHOOSE(MOD(ABS($T20+1),10)+1,"th","st","nd","rd","th","th","th","th","th","th"))) -> #N/A
A21: 18 | B21: 18 | C21: =IFERROR(INDEX(NAME_RANGE,MATCH(B21,NUM_RANGE,FALSE),2),"-") -> - | D21: =IFERROR(INDEX(NAME_RANGE,MATCH(B21,NUM_RANGE,FALSE),1),"-") -> - | E21: =IFERROR(VLOOKUP($B21,INPUT_RANGE,2,FALSE),"-") -> - | F21: =IFERROR(VLOOKUP($B21,INPUT_RANGE,3,FALSE),"-") -> - | G21: =IFERROR(VLOOKUP($B21,INPUT_RANGE,4,FALSE),"-") -> - | H21: =IFERROR(VLOOKUP($B21,INPUT_RANGE,7,FALSE),"-") -> - | I21: =IFERROR(VLOOKUP($B21,INPUT_RANGE,8,FALSE),"-") -> - | K21: =IFERROR(VLOOKUP($B21,INPUT_RANGE,5,FALSE)&", "&VLOOKUP($B21,INPUT_RANGE,6,FALSE),"-") -> - | L21: =IFERROR(VLOOKUP($B21,INPUT_RANGE,9,FALSE),"-") -> - | M21: =IFERROR(VLOOKUP($B21,INPUT_RANGE,11,FALSE),"-") -> - | N21: =IFERROR(VLOOKUP($B21,INPUT_RANGE,12,FALSE),"-") -> - | Q21: =IF(J21="","",INT(YEARFRAC($J21, TODAY()))) | R21: =IF(Q21="","","Age: " & Q21) | S21: =RIGHT(ROUND(VLOOKUP(B21,INPUT_RANGE,54,FALSE)/VLOOKUP(B21,INPUT_RANGE,52,FALSE),3),4) -> #N/A | T21: =VLOOKUP($B21,INPUT_RANGE,57,FALSE) -> #N/A | U21: ="D:\IMS Images\Headshots\"&IF('Team Info'!$B$21="BASEBALL","CBASE","SBALL")&"\"&'Team Info'!$B$11&"\"&D21&"_"&C21&".png" -> D:\IMS Images\Headshots\CBASE\GENERIC_BASEBALL\-_-.png | V21: ="D:\IMS Images\ActionShots\"&IF('Team Info'!$B$21="BASEBALL","CBASE","SBALL")&"\"&'Team Info'!$B$11&"\"&D21&"_"&C21&".png" -> D:\IMS Images\ActionShots\CBASE\GENERIC_BASEBALL\-_-.png | W21: =B21 & " " & X21 -> 18 - - | X21: =C21&" "&D21 -> - - | Y21: =UPPER(X21) -> - - | Z21: =LEFT(C21,1)&". "&D21 -> -. - | AA21: =UPPER(C21) -> - | AB21: =UPPER(D21) -> - | AC21: =IF($L21=4,"Senior",IF($L21=3,"Junior",IF($L21=2,"Sophomore",IF($L21=1,"Freshman","")))) | AD21: =IF($L21=4,"SR",IF($L21=3,"JR",IF($L21=2,"SO",IF($L21=1,"FR","")))) | AE21: =UPPER(AC21) | AF21: =$I21 & " lbs" -> - lbs | AG21: ="MAJOR: " & UPPER(M21) -> MAJOR: - | AH21: =B21 & " " & UPPER(X21) -> 18 - - | AI21: =IF(T21=0,"1st",$T21+1&IF(AND(MOD(ABS($T21+1),100)>10,MOD(ABS($T21+1),100)<14),"th",CHOOSE(MOD(ABS($T21+1),10)+1,"th","st","nd","rd","th","th","th","th","th","th"))) -> #N/A
... A92: 89 | B92: 89 | C92: =IFERROR(INDEX(NAME_RANGE,MATCH(B92,NUM_RANGE,FALSE),2),"-") -> - | D92: =IFERROR(INDEX(NAME_RANGE,MATCH(B92,NUM_RANGE,FALSE),1),"-") -> - | E92: =IFERROR(VLOOKUP($B92,INPUT_RANGE,2,FALSE),"-") -> - | F92: =IFERROR(VLOOKUP($B92,INPUT_RANGE,3,FALSE),"-") -> - | G92: =IFERROR(VLOOKUP($B92,INPUT_RANGE,4,FALSE),"-") -> - | H92: =IFERROR(VLOOKUP($B92,INPUT_RANGE,7,FALSE),"-") -> - | I92: =IFERROR(VLOOKUP($B92,INPUT_RANGE,8,FALSE),"-") -> - | K92: =IFERROR(VLOOKUP($B92,INPUT_RANGE,5,FALSE)&", "&VLOOKUP($B92,INPUT_RANGE,6,FALSE),"-") -> - | L92: =IFERROR(VLOOKUP($B92,INPUT_RANGE,9,FALSE),"-") -> - | M92: =IFERROR(VLOOKUP($B92,INPUT_RANGE,11,FALSE),"-") -> - | N92: =IFERROR(VLOOKUP($B92,INPUT_RANGE,12,FALSE),"-") -> - | Q92: =IF(J92="","",INT(YEARFRAC($J92, TODAY()))) | R92: =IF(Q92="","","Age: " & Q92) | S92: =RIGHT(ROUND(VLOOKUP(B92,INPUT_RANGE,54,FALSE)/VLOOKUP(B92,INPUT_RANGE,52,FALSE),3),4) -> #N/A | T92: =VLOOKUP($B92,INPUT_RANGE,57,FALSE) -> #N/A | U92: ="D:\IMS Images\Headshots\"&IF('Team Info'!$B$21="BASEBALL","CBASE","SBALL")&"\"&'Team Info'!$B$11&"\"&D92&"_"&C92&".png" -> D:\IMS Images\Headshots\CBASE\GENERIC_BASEBALL\-_-.png | V92: ="D:\IMS Images\ActionShots\"&IF('Team Info'!$B$21="BASEBALL","CBASE","SBALL")&"\"&'Team Info'!$B$11&"\"&D92&"_"&C92&".png" -> D:\IMS Images\ActionShots\CBASE\GENERIC_BASEBALL\-_-.png | W92: =B92 & " " & X92 -> 89 - - | X92: =C92&" "&D92 -> - - | Y92: =UPPER(X92) -> - - | Z92: =LEFT(C92,1)&". "&D92 -> -. - | AA92: =UPPER(C92) -> - | AB92: =UPPER(D92) -> - | AC92: =IF($L92=4,"Senior",IF($L92=3,"Junior",IF($L92=2,"Sophomore",IF($L92=1,"Freshman","")))) | AD92: =IF($L92=4,"SR",IF($L92=3,"JR",IF($L92=2,"SO",IF($L92=1,"FR","")))) | AE92: =UPPER(AC92) | AF92: =$I92 & " lbs" -> - lbs | AG92: ="MAJOR: " & UPPER(M92) -> MAJOR: - | AH92: =B92 & " " & UPPER(X92) -> 89 - - | AI92: =IF(T92=0,"1st",$T92+1&IF(AND(MOD(ABS($T92+1),100)>10,MOD(ABS($T92+1),100)<14),"th",CHOOSE(MOD(ABS($T92+1),10)+1,"th","st","nd","rd","th","th","th","th","th","th"))) -> #N/A
A93: 90 | B93: 0 | C93: =IF(C$104=0,"",C$104) -> - | D93: =IF(D$104=0,"",D$104) -> - | E93: =IF(E$104=0,"",E$104) -> - | F93: =IF(F$104=0,"",F$104) -> - | G93: =IF(G$104=0,"",G$104) -> - | H93: =IF(H$104=0,"",H$104) -> - | I93: =IF(I$104=0,"",I$104) -> - | K93: =IF(K$104=0,"",K$104) -> - | L93: =IF(L$104=0,"",L$104) -> - | M93: =IF(M$104=0,"",M$104) -> - | N93: =IF(N$104=0,"",N$104) -> - | O93: =IF(O$104=0,"",O$104) | Q93: =IF(J93="","",INT(YEARFRAC($J93, TODAY()))) | R93: =IF(Q93="","","Age: " & Q93) | S93: =RIGHT(ROUND(VLOOKUP(B93,INPUT_RANGE,54,FALSE)/VLOOKUP(B93,INPUT_RANGE,52,FALSE),3),4) -> #N/A | T93: =VLOOKUP($B93,INPUT_RANGE,57,FALSE) -> #N/A | U93: ="D:\IMS Images\Headshots\"&IF('Team Info'!$B$21="BASEBALL","CBASE","SBALL")&"\"&'Team Info'!$B$11&"\"&D93&"_"&C93&".png" -> D:\IMS Images\Headshots\CBASE\GENERIC_BASEBALL\-_-.png | V93: ="D:\IMS Images\ActionShots\"&IF('Team Info'!$B$21="BASEBALL","CBASE","SBALL")&"\"&'Team Info'!$B$11&"\"&D93&"_"&C93&".png" -> D:\IMS Images\ActionShots\CBASE\GENERIC_BASEBALL\-_-.png | W93: =B93 & " " & X93 -> 0 - - | X93: =C93&" "&D93 -> - - | Y93: =UPPER(X93) -> - - | Z93: =LEFT(C93,1)&". "&D93 -> -. - | AA93: =UPPER(C93) -> - | AB93: =UPPER(D93) -> - | AC93: =IF($L93=4,"Senior",IF($L93=3,"Junior",IF($L93=2,"Sophomore",IF($L93=1,"Freshman","")))) | AD93: =IF($L93=4,"SR",IF($L93=3,"JR",IF($L93=2,"SO",IF($L93=1,"FR","")))) | AE93: =UPPER(AC93) | AF93: =$I93 & " lbs" -> - lbs | AG93: ="MAJOR: " & UPPER(M93) -> MAJOR: - | AH93: =B93 & " " & UPPER(X93) -> 0 - - | AI93: =IF(T93=0,"1st",$T93+1&IF(AND(MOD(ABS($T93+1),100)>10,MOD(ABS($T93+1),100)<14),"th",CHOOSE(MOD(ABS($T93+1),10)+1,"th","st","nd","rd","th","th","th","th","th","th"))) -> #N/A
A94: 91 | B94: 91 | C94: =IFERROR(INDEX(NAME_RANGE,MATCH(B94,NUM_RANGE,FALSE),2),"-") -> - | D94: =IFERROR(INDEX(NAME_RANGE,MATCH(B94,NUM_RANGE,FALSE),1),"-") -> - | E94: =IFERROR(VLOOKUP($B94,INPUT_RANGE,2,FALSE),"-") -> - | F94: =IFERROR(VLOOKUP($B94,INPUT_RANGE,3,FALSE),"-") -> - | G94: =IFERROR(VLOOKUP($B94,INPUT_RANGE,4,FALSE),"-") -> - | H94: =IFERROR(VLOOKUP($B94,INPUT_RANGE,7,FALSE),"-") -> - | I94: =IFERROR(VLOOKUP($B94,INPUT_RANGE,8,FALSE),"-") -> - | K94: =IFERROR(VLOOKUP($B94,INPUT_RANGE,5,FALSE)&", "&VLOOKUP($B94,INPUT_RANGE,6,FALSE),"-") -> - | L94: =IFERROR(VLOOKUP($B94,INPUT_RANGE,9,FALSE),"-") -> - | M94: =IFERROR(VLOOKUP($B94,INPUT_RANGE,11,FALSE),"-") -> - | N94: =IFERROR(VLOOKUP($B94,INPUT_RANGE,12,FALSE),"-") -> - | Q94: =IF(J94="","",INT(YEARFRAC($J94, TODAY()))) | R94: =IF(Q94="","","Age: " & Q94) | S94: =RIGHT(ROUND(VLOOKUP(B94,INPUT_RANGE,54,FALSE)/VLOOKUP(B94,INPUT_RANGE,52,FALSE),3),4) -> #N/A | T94: =VLOOKUP($B94,INPUT_RANGE,57,FALSE) -> #N/A | U94: ="D:\IMS Images\Headshots\"&IF('Team Info'!$B$21="BASEBALL","CBASE","SBALL")&"\"&'Team Info'!$B$11&"\"&D94&"_"&C94&".png" -> D:\IMS Images\Headshots\CBASE\GENERIC_BASEBALL\-_-.png | V94: ="D:\IMS Images\ActionShots\"&IF('Team Info'!$B$21="BASEBALL","CBASE","SBALL")&"\"&'Team Info'!$B$11&"\"&D94&"_"&C94&".png" -> D:\IMS Images\ActionShots\CBASE\GENERIC_BASEBALL\-_-.png | W94: =B94 & " " & X94 -> 91 - - | X94: =C94&" "&D94 -> - - | Y94: =UPPER(X94) -> - - | Z94: =LEFT(C94,1)&". "&D94 -> -. - | AA94: =UPPER(C94) -> - | AB94: =UPPER(D94) -> - | AC94: =IF($L94=4,"Senior",IF($L94=3,"Junior",IF($L94=2,"Sophomore",IF($L94=1,"Freshman","")))) | AD94: =IF($L94=4,"SR",IF($L94=3,"JR",IF($L94=2,"SO",IF($L94=1,"FR","")))) | AE94: =UPPER(AC94) | AF94: =$I94 & " lbs" -> - lbs | AG94: ="MAJOR: " & UPPER(M94) -> MAJOR: - | AH94: =B94 & " " & UPPER(X94) -> 91 - - | AI94: =IF(T94=0,"1st",$T94+1&IF(AND(MOD(ABS($T94+1),100)>10,MOD(ABS($T94+1),100)<14),"th",CHOOSE(MOD(ABS($T94+1),10)+1,"th","st","nd","rd","th","th","th","th","th","th"))) -> #N/A
A95: 92 | B95: 92 | C95: =IFERROR(INDEX(NAME_RANGE,MATCH(B95,NUM_RANGE,FALSE),2),"-") -> - | D95: =IFERROR(INDEX(NAME_RANGE,MATCH(B95,NUM_RANGE,FALSE),1),"-") -> - | E95: =IFERROR(VLOOKUP($B95,INPUT_RANGE,2,FALSE),"-") -> - | F95: =IFERROR(VLOOKUP($B95,INPUT_RANGE,3,FALSE),"-") -> - | G95: =IFERROR(VLOOKUP($B95,INPUT_RANGE,4,FALSE),"-") -> - | H95: =IFERROR(VLOOKUP($B95,INPUT_RANGE,7,FALSE),"-") -> - | I95: =IFERROR(VLOOKUP($B95,INPUT_RANGE,8,FALSE),"-") -> - | K95: =IFERROR(VLOOKUP($B95,INPUT_RANGE,5,FALSE)&", "&VLOOKUP($B95,INPUT_RANGE,6,FALSE),"-") -> - | L95: =IFERROR(VLOOKUP($B95,INPUT_RANGE,9,FALSE),"-") -> - | M95: =IFERROR(VLOOKUP($B95,INPUT_RANGE,11,FALSE),"-") -> - | N95: =IFERROR(VLOOKUP($B95,INPUT_RANGE,12,FALSE),"-") -> - | Q95: =IF(J95="","",INT(YEARFRAC($J95, TODAY()))) | R95: =IF(Q95="","","Age: " & Q95) | S95: =RIGHT(ROUND(VLOOKUP(B95,INPUT_RANGE,54,FALSE)/VLOOKUP(B95,INPUT_RANGE,52,FALSE),3),4) -> #N/A | T95: =VLOOKUP($B95,INPUT_RANGE,57,FALSE) -> #N/A | U95: ="D:\IMS Images\Headshots\"&IF('Team Info'!$B$21="BASEBALL","CBASE","SBALL")&"\"&'Team Info'!$B$11&"\"&D95&"_"&C95&".png" -> D:\IMS Images\Headshots\CBASE\GENERIC_BASEBALL\-_-.png | V95: ="D:\IMS Images\ActionShots\"&IF('Team Info'!$B$21="BASEBALL","CBASE","SBALL")&"\"&'Team Info'!$B$11&"\"&D95&"_"&C95&".png" -> D:\IMS Images\ActionShots\CBASE\GENERIC_BASEBALL\-_-.png | W95: =B95 & " " & X95 -> 92 - - | X95: =C95&" "&D95 -> - - | Y95: =UPPER(X95) -> - - | Z95: =LEFT(C95,1)&". "&D95 -> -. - | AA95: =UPPER(C95) -> - | AB95: =UPPER(D95) -> - | AC95: =IF($L95=4,"Senior",IF($L95=3,"Junior",IF($L95=2,"Sophomore",IF($L95=1,"Freshman","")))) | AD95: =IF($L95=4,"SR",IF($L95=3,"JR",IF($L95=2,"SO",IF($L95=1,"FR","")))) | AE95: =UPPER(AC95) | AF95: =$I95 & " lbs" -> - lbs | AG95: ="MAJOR: " & UPPER(M95) -> MAJOR: - | AH95: =B95 & " " & UPPER(X95) -> 92 - - | AI95: =IF(T95=0,"1st",$T95+1&IF(AND(MOD(ABS($T95+1),100)>10,MOD(ABS($T95+1),100)<14),"th",CHOOSE(MOD(ABS($T95+1),10)+1,"th","st","nd","rd","th","th","th","th","th","th"))) -> #N/A
A96: 93 | B96: 93 | C96: =IFERROR(INDEX(NAME_RANGE,MATCH(B96,NUM_RANGE,FALSE),2),"-") -> - | D96: =IFERROR(INDEX(NAME_RANGE,MATCH(B96,NUM_RANGE,FALSE),1),"-") -> - | E96: =IFERROR(VLOOKUP($B96,INPUT_RANGE,2,FALSE),"-") -> - | F96: =IFERROR(VLOOKUP($B96,INPUT_RANGE,3,FALSE),"-") -> - | G96: =IFERROR(VLOOKUP($B96,INPUT_RANGE,4,FALSE),"-") -> - | H96: =IFERROR(VLOOKUP($B96,INPUT_RANGE,7,FALSE),"-") -> - | I96: =IFERROR(VLOOKUP($B96,INPUT_RANGE,8,FALSE),"-") -> - | K96: =IFERROR(VLOOKUP($B96,INPUT_RANGE,5,FALSE)&", "&VLOOKUP($B96,INPUT_RANGE,6,FALSE),"-") -> - | L96: =IFERROR(VLOOKUP($B96,INPUT_RANGE,9,FALSE),"-") -> - | M96: =IFERROR(VLOOKUP($B96,INPUT_RANGE,11,FALSE),"-") -> - | N96: =IFERROR(VLOOKUP($B96,INPUT_RANGE,12,FALSE),"-") -> - | Q96: =IF(J96="","",INT(YEARFRAC($J96, TODAY()))) | R96: =IF(Q96="","","Age: " & Q96) | S96: =RIGHT(ROUND(VLOOKUP(B96,INPUT_RANGE,54,FALSE)/VLOOKUP(B96,INPUT_RANGE,52,FALSE),3),4) -> #N/A | T96: =VLOOKUP($B96,INPUT_RANGE,57,FALSE) -> #N/A | U96: ="D:\IMS Images\Headshots\"&IF('Team Info'!$B$21="BASEBALL","CBASE","SBALL")&"\"&'Team Info'!$B$11&"\"&D96&"_"&C96&".png" -> D:\IMS Images\Headshots\CBASE\GENERIC_BASEBALL\-_-.png | V96: ="D:\IMS Images\ActionShots\"&IF('Team Info'!$B$21="BASEBALL","CBASE","SBALL")&"\"&'Team Info'!$B$11&"\"&D96&"_"&C96&".png" -> D:\IMS Images\ActionShots\CBASE\GENERIC_BASEBALL\-_-.png | W96: =B96 & " " & X96 -> 93 - - | X96: =C96&" "&D96 -> - - | Y96: =UPPER(X96) -> - - | Z96: =LEFT(C96,1)&". "&D96 -> -. - | AA96: =UPPER(C96) -> - | AB96: =UPPER(D96) -> - | AC96: =IF($L96=4,"Senior",IF($L96=3,"Junior",IF($L96=2,"Sophomore",IF($L96=1,"Freshman","")))) | AD96: =IF($L96=4,"SR",IF($L96=3,"JR",IF($L96=2,"SO",IF($L96=1,"FR","")))) | AE96: =UPPER(AC96) | AF96: =$I96 & " lbs" -> - lbs | AG96: ="MAJOR: " & UPPER(M96) -> MAJOR: - | AH96: =B96 & " " & UPPER(X96) -> 93 - - | AI96: =IF(T96=0,"1st",$T96+1&IF(AND(MOD(ABS($T96+1),100)>10,MOD(ABS($T96+1),100)<14),"th",CHOOSE(MOD(ABS($T96+1),10)+1,"th","st","nd","rd","th","th","th","th","th","th"))) -> #N/A
A97: 94 | B97: 94 | C97: =IFERROR(INDEX(NAME_RANGE,MATCH(B97,NUM_RANGE,FALSE),2),"-") -> - | D97: =IFERROR(INDEX(NAME_RANGE,MATCH(B97,NUM_RANGE,FALSE),1),"-") -> - | E97: =IFERROR(VLOOKUP($B97,INPUT_RANGE,2,FALSE),"-") -> - | F97: =IFERROR(VLOOKUP($B97,INPUT_RANGE,3,FALSE),"-") -> - | G97: =IFERROR(VLOOKUP($B97,INPUT_RANGE,4,FALSE),"-") -> - | H97: =IFERROR(VLOOKUP($B97,INPUT_RANGE,7,FALSE),"-") -> - | I97: =IFERROR(VLOOKUP($B97,INPUT_RANGE,8,FALSE),"-") -> - | K97: =IFERROR(VLOOKUP($B97,INPUT_RANGE,5,FALSE)&", "&VLOOKUP($B97,INPUT_RANGE,6,FALSE),"-") -> - | L97: =IFERROR(VLOOKUP($B97,INPUT_RANGE,9,FALSE),"-") -> - | M97: =IFERROR(VLOOKUP($B97,INPUT_RANGE,11,FALSE),"-") -> - | N97: =IFERROR(VLOOKUP($B97,INPUT_RANGE,12,FALSE),"-") -> - | Q97: =IF(J97="","",INT(YEARFRAC($J97, TODAY()))) | R97: =IF(Q97="","","Age: " & Q97) | S97: =RIGHT(ROUND(VLOOKUP(B97,INPUT_RANGE,54,FALSE)/VLOOKUP(B97,INPUT_RANGE,52,FALSE),3),4) -> #N/A | T97: =VLOOKUP($B97,INPUT_RANGE,57,FALSE) -> #N/A | U97: ="D:\IMS Images\Headshots\"&IF('Team Info'!$B$21="BASEBALL","CBASE","SBALL")&"\"&'Team Info'!$B$11&"\"&D97&"_"&C97&".png" -> D:\IMS Images\Headshots\CBASE\GENERIC_BASEBALL\-_-.png | V97: ="D:\IMS Images\ActionShots\"&IF('Team Info'!$B$21="BASEBALL","CBASE","SBALL")&"\"&'Team Info'!$B$11&"\"&D97&"_"&C97&".png" -> D:\IMS Images\ActionShots\CBASE\GENERIC_BASEBALL\-_-.png | W97: =B97 & " " & X97 -> 94 - - | X97: =C97&" "&D97 -> - - | Y97: =UPPER(X97) -> - - | Z97: =LEFT(C97,1)&". "&D97 -> -. - | AA97: =UPPER(C97) -> - | AB97: =UPPER(D97) -> - | AC97: =IF($L97=4,"Senior",IF($L97=3,"Junior",IF($L97=2,"Sophomore",IF($L97=1,"Freshman","")))) | AD97: =IF($L97=4,"SR",IF($L97=3,"JR",IF($L97=2,"SO",IF($L97=1,"FR","")))) | AE97: =UPPER(AC97) | AF97: =$I97 & " lbs" -> - lbs | AG97: ="MAJOR: " & UPPER(M97) -> MAJOR: - | AH97: =B97 & " " & UPPER(X97) -> 94 - - | AI97: =IF(T97=0,"1st",$T97+1&IF(AND(MOD(ABS($T97+1),100)>10,MOD(ABS($T97+1),100)<14),"th",CHOOSE(MOD(ABS($T97+1),10)+1,"th","st","nd","rd","th","th","th","th","th","th"))) -> #N/A
A98: 95 | B98: 95 | C98: =IFERROR(INDEX(NAME_RANGE,MATCH(B98,NUM_RANGE,FALSE),2),"-") -> - | D98: =IFERROR(INDEX(NAME_RANGE,MATCH(B98,NUM_RANGE,FALSE),1),"-") -> - | E98: =IFERROR(VLOOKUP($B98,INPUT_RANGE,2,FALSE),"-") -> - | F98: =IFERROR(VLOOKUP($B98,INPUT_RANGE,3,FALSE),"-") -> - | G98: =IFERROR(VLOOKUP($B98,INPUT_RANGE,4,FALSE),"-") -> - | H98: =IFERROR(VLOOKUP($B98,INPUT_RANGE,7,FALSE),"-") -> - | I98: =IFERROR(VLOOKUP($B98,INPUT_RANGE,8,FALSE),"-") -> - | K98: =IFERROR(VLOOKUP($B98,INPUT_RANGE,5,FALSE)&", "&VLOOKUP($B98,INPUT_RANGE,6,FALSE),"-") -> - | L98: =IFERROR(VLOOKUP($B98,INPUT_RANGE,9,FALSE),"-") -> - | M98: =IFERROR(VLOOKUP($B98,INPUT_RANGE,11,FALSE),"-") -> - | N98: =IFERROR(VLOOKUP($B98,INPUT_RANGE,12,FALSE),"-") -> - | Q98: =IF(J98="","",INT(YEARFRAC($J98, TODAY()))) | R98: =IF(Q98="","","Age: " & Q98) | S98: =RIGHT(ROUND(VLOOKUP(B98,INPUT_RANGE,54,FALSE)/VLOOKUP(B98,INPUT_RANGE,52,FALSE),3),4) -> #N/A | T98: =VLOOKUP($B98,INPUT_RANGE,57,FALSE) -> #N/A | U98: ="D:\IMS Images\Headshots\"&IF('Team Info'!$B$21="BASEBALL","CBASE","SBALL")&"\"&'Team Info'!$B$11&"\"&D98&"_"&C98&".png" -> D:\IMS Images\Headshots\CBASE\GENERIC_BASEBALL\-_-.png | V98: ="D:\IMS Images\ActionShots\"&IF('Team Info'!$B$21="BASEBALL","CBASE","SBALL")&"\"&'Team Info'!$B$11&"\"&D98&"_"&C98&".png" -> D:\IMS Images\ActionShots\CBASE\GENERIC_BASEBALL\-_-.png | W98: =B98 & " " & X98 -> 95 - - | X98: =C98&" "&D98 -> - - | Y98: =UPPER(X98) -> - - | Z98: =LEFT(C98,1)&". "&D98 -> -. - | AA98: =UPPER(C98) -> - | AB98: =UPPER(D98) -> - | AC98: =IF($L98=4,"Senior",IF($L98=3,"Junior",IF($L98=2,"Sophomore",IF($L98=1,"Freshman","")))) | AD98: =IF($L98=4,"SR",IF($L98=3,"JR",IF($L98=2,"SO",IF($L98=1,"FR","")))) | AE98: =UPPER(AC98) | AF98: =$I98 & " lbs" -> - lbs | AG98: ="MAJOR: " & UPPER(M98) -> MAJOR: - | AH98: =B98 & " " & UPPER(X98) -> 95 - - | AI98: =IF(T98=0,"1st",$T98+1&IF(AND(MOD(ABS($T98+1),100)>10,MOD(ABS($T98+1),100)<14),"th",CHOOSE(MOD(ABS($T98+1),10)+1,"th","st","nd","rd","th","th","th","th","th","th"))) -> #N/A
A99: 96 | B99: 96 | C99: =IFERROR(INDEX(NAME_RANGE,MATCH(B99,NUM_RANGE,FALSE),2),"-") -> - | D99: =IFERROR(INDEX(NAME_RANGE,MATCH(B99,NUM_RANGE,FALSE),1),"-") -> - | E99: =IFERROR(VLOOKUP($B99,INPUT_RANGE,2,FALSE),"-") -> - | F99: =IFERROR(VLOOKUP($B99,INPUT_RANGE,3,FALSE),"-") -> - | G99: =IFERROR(VLOOKUP($B99,INPUT_RANGE,4,FALSE),"-") -> - | H99: =IFERROR(VLOOKUP($B99,INPUT_RANGE,7,FALSE),"-") -> - | I99: =IFERROR(VLOOKUP($B99,INPUT_RANGE,8,FALSE),"-") -> - | K99: =IFERROR(VLOOKUP($B99,INPUT_RANGE,5,FALSE)&", "&VLOOKUP($B99,INPUT_RANGE,6,FALSE),"-") -> - | L99: =IFERROR(VLOOKUP($B99,INPUT_RANGE,9,FALSE),"-") -> - | M99: =IFERROR(VLOOKUP($B99,INPUT_RANGE,11,FALSE),"-") -> - | N99: =IFERROR(VLOOKUP($B99,INPUT_RANGE,12,FALSE),"-") -> - | Q99: =IF(J99="","",INT(YEARFRAC($J99, TODAY()))) | R99: =IF(Q99="","","Age: " & Q99) | S99: =RIGHT(ROUND(VLOOKUP(B99,INPUT_RANGE,54,FALSE)/VLOOKUP(B99,INPUT_RANGE,52,FALSE),3),4) -> #N/A | T99: =VLOOKUP($B99,INPUT_RANGE,57,FALSE) -> #N/A | U99: ="D:\IMS Images\Headshots\"&IF('Team Info'!$B$21="BASEBALL","CBASE","SBALL")&"\"&'Team Info'!$B$11&"\"&D99&"_"&C99&".png" -> D:\IMS Images\Headshots\CBASE\GENERIC_BASEBALL\-_-.png | V99: ="D:\IMS Images\ActionShots\"&IF('Team Info'!$B$21="BASEBALL","CBASE","SBALL")&"\"&'Team Info'!$B$11&"\"&D99&"_"&C99&".png" -> D:\IMS Images\ActionShots\CBASE\GENERIC_BASEBALL\-_-.png | W99: =B99 & " " & X99 -> 96 - - | X99: =C99&" "&D99 -> - - | Y99: =UPPER(X99) -> - - | Z99: =LEFT(C99,1)&". "&D99 -> -. - | AA99: =UPPER(C99) -> - | AB99: =UPPER(D99) -> - | AC99: =IF($L99=4,"Senior",IF($L99=3,"Junior",IF($L99=2,"Sophomore",IF($L99=1,"Freshman","")))) | AD99: =IF($L99=4,"SR",IF($L99=3,"JR",IF($L99=2,"SO",IF($L99=1,"FR","")))) | AE99: =UPPER(AC99) | AF99: =$I99 & " lbs" -> - lbs | AG99: ="MAJOR: " & UPPER(M99) -> MAJOR: - | AH99: =B99 & " " & UPPER(X99) -> 96 - - | AI99: =IF(T99=0,"1st",$T99+1&IF(AND(MOD(ABS($T99+1),100)>10,MOD(ABS($T99+1),100)<14),"th",CHOOSE(MOD(ABS($T99+1),10)+1,"th","st","nd","rd","th","th","th","th","th","th"))) -> #N/A
A100: 97 | B100: 97 | C100: =IFERROR(INDEX(NAME_RANGE,MATCH(B100,NUM_RANGE,FALSE),2),"-") -> - | D100: =IFERROR(INDEX(NAME_RANGE,MATCH(B100,NUM_RANGE,FALSE),1),"-") -> - | E100: =IFERROR(VLOOKUP($B100,INPUT_RANGE,2,FALSE),"-") -> - | F100: =IFERROR(VLOOKUP($B100,INPUT_RANGE,3,FALSE),"-") -> - | G100: =IFERROR(VLOOKUP($B100,INPUT_RANGE,4,FALSE),"-") -> - | H100: =IFERROR(VLOOKUP($B100,INPUT_RANGE,7,FALSE),"-") -> - | I100: =IFERROR(VLOOKUP($B100,INPUT_RANGE,8,FALSE),"-") -> - | K100: =IFERROR(VLOOKUP($B100,INPUT_RANGE,5,FALSE)&", "&VLOOKUP($B100,INPUT_RANGE,6,FALSE),"-") -> - | L100: =IFERROR(VLOOKUP($B100,INPUT_RANGE,9,FALSE),"-") -> - | M100: =IFERROR(VLOOKUP($B100,INPUT_RANGE,11,FALSE),"-") -> - | N100: =IFERROR(VLOOKUP($B100,INPUT_RANGE,12,FALSE),"-") -> - | Q100: =IF(J100="","",INT(YEARFRAC($J100, TODAY()))) | R100: =IF(Q100="","","Age: " & Q100) | S100: =RIGHT(ROUND(VLOOKUP(B100,INPUT_RANGE,54,FALSE)/VLOOKUP(B100,INPUT_RANGE,52,FALSE),3),4) -> #N/A | T100: =VLOOKUP($B100,INPUT_RANGE,57,FALSE) -> #N/A | U100: ="D:\IMS Images\Headshots\"&IF('Team Info'!$B$21="BASEBALL","CBASE","SBALL")&"\"&'Team Info'!$B$11&"\"&D100&"_"&C100&".png" -> D:\IMS Images\Headshots\CBASE\GENERIC_BASEBALL\-_-.png | V100: ="D:\IMS Images\ActionShots\"&IF('Team Info'!$B$21="BASEBALL","CBASE","SBALL")&"\"&'Team Info'!$B$11&"\"&D100&"_"&C100&".png" -> D:\IMS Images\ActionShots\CBASE\GENERIC_BASEBALL\-_-.png | W100: =B100 & " " & X100 -> 97 - - | X100: =C100&" "&D100 -> - - | Y100: =UPPER(X100) -> - - | Z100: =LEFT(C100,1)&". "&D100 -> -. - | AA100: =UPPER(C100) -> - | AB100: =UPPER(D100) -> - | AC100: =IF($L100=4,"Senior",IF($L100=3,"Junior",IF($L100=2,"Sophomore",IF($L100=1,"Freshman","")))) | AD100: =IF($L100=4,"SR",IF($L100=3,"JR",IF($L100=2,"SO",IF($L100=1,"FR","")))) | AE100: =UPPER(AC100) | AF100: =$I100 & " lbs" -> - lbs | AG100: ="MAJOR: " & UPPER(M100) -> MAJOR: - | AH100: =B100 & " " & UPPER(X100) -> 97 - - | AI100: =IF(T100=0,"1st",$T100+1&IF(AND(MOD(ABS($T100+1),100)>10,MOD(ABS($T100+1),100)<14),"th",CHOOSE(MOD(ABS($T100+1),10)+1,"th","st","nd","rd","th","th","th","th","th","th"))) -> #N/A
A101: 98 | B101: 98 | C101: =IFERROR(INDEX(NAME_RANGE,MATCH(B101,NUM_RANGE,FALSE),2),"-") -> - | D101: =IFERROR(INDEX(NAME_RANGE,MATCH(B101,NUM_RANGE,FALSE),1),"-") -> - | E101: =IFERROR(VLOOKUP($B101,INPUT_RANGE,2,FALSE),"-") -> - | F101: =IFERROR(VLOOKUP($B101,INPUT_RANGE,3,FALSE),"-") -> - | G101: =IFERROR(VLOOKUP($B101,INPUT_RANGE,4,FALSE),"-") -> - | H101: =IFERROR(VLOOKUP($B101,INPUT_RANGE,7,FALSE),"-") -> - | I101: =IFERROR(VLOOKUP($B101,INPUT_RANGE,8,FALSE),"-") -> - | K101: =IFERROR(VLOOKUP($B101,INPUT_RANGE,5,FALSE)&", "&VLOOKUP($B101,INPUT_RANGE,6,FALSE),"-") -> - | L101: =IFERROR(VLOOKUP($B101,INPUT_RANGE,9,FALSE),"-") -> - | M101: =IFERROR(VLOOKUP($B101,INPUT_RANGE,11,FALSE),"-") -> - | N101: =IFERROR(VLOOKUP($B101,INPUT_RANGE,12,FALSE),"-") -> - | Q101: =IF(J101="","",INT(YEARFRAC($J101, TODAY()))) | R101: =IF(Q101="","","Age: " & Q101) | S101: =RIGHT(ROUND(VLOOKUP(B101,INPUT_RANGE,54,FALSE)/VLOOKUP(B101,INPUT_RANGE,52,FALSE),3),4) -> #N/A | T101: =VLOOKUP($B101,INPUT_RANGE,57,FALSE) -> #N/A | U101: ="D:\IMS Images\Headshots\"&IF('Team Info'!$B$21="BASEBALL","CBASE","SBALL")&"\"&'Team Info'!$B$11&"\"&D101&"_"&C101&".png" -> D:\IMS Images\Headshots\CBASE\GENERIC_BASEBALL\-_-.png | V101: ="D:\IMS Images\ActionShots\"&IF('Team Info'!$B$21="BASEBALL","CBASE","SBALL")&"\"&'Team Info'!$B$11&"\"&D101&"_"&C101&".png" -> D:\IMS Images\ActionShots\CBASE\GENERIC_BASEBALL\-_-.png | W101: =B101 & " " & X101 -> 98 - - | X101: =C101&" "&D101 -> - - | Y101: =UPPER(X101) -> - - | Z101: =LEFT(C101,1)&". "&D101 -> -. - | AA101: =UPPER(C101) -> - | AB101: =UPPER(D101) -> - | AC101: =IF($L101=4,"Senior",IF($L101=3,"Junior",IF($L101=2,"Sophomore",IF($L101=1,"Freshman","")))) | AD101: =IF($L101=4,"SR",IF($L101=3,"JR",IF($L101=2,"SO",IF($L101=1,"FR","")))) | AE101: =UPPER(AC101) | AF101: =$I101 & " lbs" -> - lbs | AG101: ="MAJOR: " & UPPER(M101) -> MAJOR: - | AH101: =B101 & " " & UPPER(X101) -> 98 - - | AI101: =IF(T101=0,"1st",$T101+1&IF(AND(MOD(ABS($T101+1),100)>10,MOD(ABS($T101+1),100)<14),"th",CHOOSE(MOD(ABS($T101+1),10)+1,"th","st","nd","rd","th","th","th","th","th","th"))) -> #N/A
A102: 99 | B102: 00 | C102: =IF(C$104=0,"",C$104) -> - | D102: =IF(D$104=0,"",D$104) -> - | E102: =IF(E$104=0,"",E$104) -> - | F102: =IF(F$104=0,"",F$104) -> - | G102: =IF(G$104=0,"",G$104) -> - | H102: =IF(H$104=0,"",H$104) -> - | I102: =IF(I$104=0,"",I$104) -> - | K102: =IF(K$104=0,"",K$104) -> - | L102: =IF(L$104=0,"",L$104) -> - | M102: =IF(M$104=0,"",M$104) -> - | N102: =IF(N$104=0,"",N$104) -> - | O102: =IF(O$104=0,"",O$104) | Q102: =IF(J102="","",INT(YEARFRAC($J102, TODAY()))) | R102: =IF(Q102="","","Age: " & Q102) | S102: =RIGHT(ROUND(VLOOKUP(B102,INPUT_RANGE,54,FALSE)/VLOOKUP(B102,INPUT_RANGE,52,FALSE),3),4) -> #N/A | T102: =VLOOKUP($B102,INPUT_RANGE,57,FALSE) -> #N/A | U102: ="D:\IMS Images\Headshots\"&IF('Team Info'!$B$21="BASEBALL","CBASE","SBALL")&"\"&'Team Info'!$B$11&"\"&D102&"_"&C102&".png" -> D:\IMS Images\Headshots\CBASE\GENERIC_BASEBALL\-_-.png | V102: ="D:\IMS Images\ActionShots\"&IF('Team Info'!$B$21="BASEBALL","CBASE","SBALL")&"\"&'Team Info'!$B$11&"\"&D102&"_"&C102&".png" -> D:\IMS Images\ActionShots\CBASE\GENERIC_BASEBALL\-_-.png | W102: =B102 & " " & X102 -> 00 - - | X102: =C102&" "&D102 -> - - | Y102: =UPPER(X102) -> - - | Z102: =LEFT(C102,1)&". "&D102 -> -. - | AA102: =UPPER(C102) -> - | AB102: =UPPER(D102) -> - | AC102: =IF($L102=4,"Senior",IF($L102=3,"Junior",IF($L102=2,"Sophomore",IF($L102=1,"Freshman","")))) | AD102: =IF($L102=4,"SR",IF($L102=3,"JR",IF($L102=2,"SO",IF($L102=1,"FR","")))) | AE102: =UPPER(AC102) | AF102: =$I102 & " lbs" -> - lbs | AG102: ="MAJOR: " & UPPER(M102) -> MAJOR: - | AH102: =B102 & " " & UPPER(X102) -> 00 - - | AI102: =IF(T102=0,"1st",$T102+1&IF(AND(MOD(ABS($T102+1),100)>10,MOD(ABS($T102+1),100)<14),"th",CHOOSE(MOD(ABS($T102+1),10)+1,"th","st","nd","rd","th","th","th","th","th","th"))) -> #N/A
A103: Enter Player 0/00 info below. It will autofill rows 90 & 99.
B104: 0 | C104: =IFERROR(INDEX(NAME_RANGE,MATCH(B104,NUM_RANGE,FALSE),2),"-") -> - | D104: =IFERROR(INDEX(NAME_RANGE,MATCH(B104,NUM_RANGE,FALSE),1),"-") -> - | E104: =IFERROR(VLOOKUP($B104,INPUT_RANGE,2,FALSE),"-") -> - | F104: =IFERROR(VLOOKUP($B104,INPUT_RANGE,3,FALSE),"-") -> - | G104: =IFERROR(VLOOKUP($B104,INPUT_RANGE,4,FALSE),"-") -> - | H104: =IFERROR(VLOOKUP($B104,INPUT_RANGE,7,FALSE),"-") -> - | I104: =IFERROR(VLOOKUP($B104,INPUT_RANGE,8,FALSE),"-") -> - | J104: =IFERROR(VLOOKUP($B104,INPUT_RANGE,10,FALSE),"-") -> - | K104: =IFERROR(VLOOKUP($B104,INPUT_RANGE,5,FALSE)&", "&VLOOKUP($B104,INPUT_RANGE,6,FALSE),"-") -> - | L104: =IFERROR(VLOOKUP($B104,INPUT_RANGE,9,FALSE),"-") -> - | M104: =IFERROR(VLOOKUP($B104,INPUT_RANGE,11,FALSE),"-") -> - | N104: =IFERROR(VLOOKUP($B104,INPUT_RANGE,12,FALSE),"-") -> -

Sheet Stats
A1: Jersey | B1: Display Jersey | C1: Player Name | D1: CAT1 | E1: CAT1 HILITE | F1: CAT2 | G1: CAT2 HILITE | H1: CAT3 | I1: CAT3 HILITE | J1: CAT4 | K1: CAT4 HILITE | L1: STAT HILITE NOTE | M1: AVG | N1: RBI | O1: WALKS | P1: SO | Q1: SB | R1: 2B | S1: 3B | T1: HR | U1: RUNS | V1: OBP | X1: G | Y1: GS | Z1: IP DEC | AA1: IP | AB1: IP TXT | AC1: CG | AD1: SHO | AE1: W | AF1: L | AG1: W/L | AH1: SAVE | AI1: H | AJ1: R | AK1: ER | AL1: HR ALLOWED | AM1: K | AN1: BB | AO1: ERA | AP1: WHIP | AQ1: IP by 3rds | AR1: 3rd of IP | AS1: IP Math | AT1: WHIP MATH | AU1: ERA MATH | AW1: BA MATH | AX1: OBP MATH | AY1: SLUG MATH | AZ1: OPS MATH | BA1: OPS | BB1: PITCH GS | BC1: PITCH APP | BD1: PITCH W-L | BE1: PITCH ERA | BF1: PITCH IP | BG1: PITCH BB | BH1: PITCH K | BI1: PITCH SAVES | BJ1: PITCH SAVES | BK1: PITCH HITS | BL1: PITCH K/BB | BM1: PITCH WHIP
A2: =Roster!$A4 -> 1 | B2: =Roster!B4 -> 1 | C2: =Roster!$X4 -> Firstname Lastname | D2: =BA2 -> 1.933 OPS | F2: =M2 -> .667 BA | H2: =T2 -> 1 HR | J2: =N2 -> 12 RBI | L2: Stat Note Here zz | M2: =TEXT(AW2,".000") & " BA" -> .667 BA | N2: =VLOOKUP(A2,INPUT_RANGE,58,FALSE) & " RBI" -> 12 RBI | O2: =VLOOKUP(A2,INPUT_RANGE,60,FALSE) & " BB" -> 1 BB | P2: =VLOOKUP(A2,INPUT_RANGE,61,FALSE) & " K" -> 1 K | Q2: =VLOOKUP(A2,INPUT_RANGE,64,FALSE) & " SB" -> 1 SB | R2: =VLOOKUP(A2,INPUT_RANGE,55,FALSE) & " 2B" -> 2 2B | S2: =VLOOKUP(A2,INPUT_RANGE,56,FALSE) & " 3B" -> 2 3B | T2: =VLOOKUP(A2,INPUT_RANGE,57,FALSE) & " HR" -> 1 HR | U2: =VLOOKUP(A2,INPUT_RANGE,53,FALSE) & " R" -> 2 R | V2: =TEXT(AX2, ".000") & " OBP" -> .667 OBP | X2: =VLOOKUP(A2,INPUT_RANGE,77,FALSE)&" games" -> 5 games | Y2: =VLOOKUP(A2,INPUT_RANGE,78,FALSE) & " starts" -> 1 starts | Z2: =VLOOKUP(A2,INPUT_RANGE,82,FALSE) & " IP" -> 11.2 IP | AA2: =TRUNC(VLOOKUP(A2,INPUT_RANGE,82,FALSE)) & IF(AR2=0.333,"º",IF(AR2=0.666,"»","")) -> 11» | AB2: =AA2& " IP" -> 11» IP | AC2: =VLOOKUP(A2,INPUT_RANGE,79,FALSE) & " CG" -> 0 CG | AD2: =VLOOKUP(A2,INPUT_RANGE,80,FALSE) & " SHO" -> 0/1 SHO | AE2: =VLOOKUP(A2,INPUT_RANGE,75,FALSE) & " Win" -> 1 Win | AF2: =VLOOKUP(A2,INPUT_RANGE,76,FALSE) & " Loss" -> 0 Loss | AG2: =VLOOKUP(A2,INPUT_RANGE,75,FALSE) & "-" & VLOOKUP(A2,INPUT_RANGE,76,FALSE) & " W-L" -> 1-0 W-L | AH2: =VLOOKUP(A2,INPUT_RANGE,81,FALSE)& " Saves" -> 0 Saves | AI2: =VLOOKUP(A2,INPUT_RANGE,83,FALSE) & " H" -> 7 H | AJ2: =VLOOKUP(A2,INPUT_RANGE,84,FALSE) & " R" -> 0 R | AK2: =VLOOKUP(A2,INPUT_RANGE,85,FALSE) &" ER" -> 0 ER | AL2: =VLOOKUP(A2,INPUT_RANGE,88,FALSE) &" HR" -> 0 HR | AM2: =VLOOKUP(A2,INPUT_RANGE,87,FALSE) & " K" -> 17 K | AN2: =VLOOKUP(A2,INPUT_RANGE,86,FALSE) & " BB" -> 3 BB | AO2: =TEXT(AU2,"0.00") & " ERA" -> 0.00 ERA | AP2: =TEXT(AT2,"0.00") & " WHIP" -> 0.86 WHIP | AQ2: =IF(LEFT(RIGHT((VLOOKUP(A2,INPUT_RANGE,82,FALSE)),2),1)=".",RIGHT(VLOOKUP(A2,INPUT_RANGE,82,FALSE),1), "X") -> 2 | AR2: =IF(AQ2 ="1",0.333,IF(AQ2="2",0.666,0)) -> 0.666 | AS2: =VLOOKUP(A2,INPUT_RANGE,82,FALSE)-(AQ2*0.1)+AR2 -> 11.666 | AT2: =ROUND((VLOOKUP(A2,INPUT_RANGE,86,FALSE)+VLOOKUP(A2,INPUT_RANGE,83,FALSE))/AS2,2) -> 0.86 | AU2: =ROUND((VLOOKUP(A2,INPUT_RANGE,85,FALSE)/AS2)*('Team Info'!$H$25),2) -> 0 | AW2: =(VLOOKUP(A2,INPUT_RANGE,54,FALSE)/VLOOKUP(A2,INPUT_RANGE,52,FALSE)) -> 0.66666667 | AX2: =((VLOOKUP(A2,INPUT_RANGE,54,FALSE)+VLOOKUP(A2,INPUT_RANGE,60,FALSE)+VLOOKUP(A2,INPUT_RANGE,59,FALSE))/(VLOOKUP(A2,INPUT_RANGE,52,FALSE)+VLOOKUP(A2,INPUT_RANGE,60,FALSE)+VLOOKUP(A2,INPUT_RANGE,59,FALSE)+VLOOKUP(A2,INPUT_RANGE,63,FALSE))) -> 0.66666667 | AY2: =(VLOOKUP(A2,INPUT_RANGE,54)+VLOOKUP(A2,INPUT_RANGE,55)+(VLOOKUP(A2,INPUT_RANGE,56)*2)+(VLOOKUP(A2,INPUT_RANGE,57)*3))/(VLOOKUP(A2,INPUT_RANGE,52)) -> 1.2666667 | AZ2: =AX2+AY2 -> 1.9333333 | BA2: =TEXT(AZ2,".000") & " OPS" -> 1.933 OPS | BB2: =VLOOKUP(A2,INPUT_RANGE,78,FALSE) -> 1 | BC2: =VLOOKUP(A2,INPUT_RANGE,77,FALSE) -> 5 | BD2: =VLOOKUP(A2,INPUT_RANGE,75,FALSE) & "-" & VLOOKUP(A2,INPUT_RANGE,76,FALSE) -> 1-0 | BE2: =AU2 -> 0 | BF2: =AA2 -> 11» | BG2: =VLOOKUP(A2,INPUT_RANGE,86,FALSE) -> 3 | BH2: =VLOOKUP(A2,INPUT_RANGE,87,FALSE) -> 17 | BI2: =VLOOKUP(A2,INPUT_RANGE,81,FALSE) & " SAVES" -> 0 SAVES | BJ2: =VLOOKUP(A2,INPUT_RANGE,81,FALSE) -> 0 | BK2: =VLOOKUP(A2,INPUT_RANGE,83,FALSE) -> 7 | BL2: =VLOOKUP(A2,INPUT_RANGE,87,FALSE) & "/" & VLOOKUP(A2,INPUT_RANGE,86,FALSE) -> 17/3 | BM2: =ROUND((VLOOKUP(A2,INPUT_RANGE,86,FALSE)+VLOOKUP(A2,INPUT_RANGE,83,FALSE))/AS2,2) -> 0.86
A3: 2 | B3: 2 | C3: =Roster!$X5 -> Firstname LastName | D3: =BA3 -> .720 OPS | F3: =M3 -> .259 BA | H3: =T3 -> 1 HR | J3: =N3 -> 7 RBI | L3: Stat Note Here | M3: =TEXT(AW3,".000") & " BA" -> .259 BA | N3: =VLOOKUP(A3,INPUT_RANGE,58,FALSE) & " RBI" -> 7 RBI | O3: =VLOOKUP(A3,INPUT_RANGE,60,FALSE) & " BB" -> 0 BB | P3: =VLOOKUP(A3,INPUT_RANGE,61,FALSE) & " K" -> 5 K | Q3: =VLOOKUP(A3,INPUT_RANGE,64,FALSE) & " SB" -> 0 SB | R3: =VLOOKUP(A3,INPUT_RANGE,55,FALSE) & " 2B" -> 2 2B | S3: =VLOOKUP(A3,INPUT_RANGE,56,FALSE) & " 3B" -> 0 3B | T3: =VLOOKUP(A3,INPUT_RANGE,57,FALSE) & " HR" -> 1 HR | U3: =VLOOKUP(A3,INPUT_RANGE,53,FALSE) & " R" -> 3 R | V3: =TEXT(AX3, ".000") & " OBP" -> .276 OBP | X3: =VLOOKUP(A3,INPUT_RANGE,77,FALSE)&" games" -> 9 games | Y3: =VLOOKUP(A3,INPUT_RANGE,78,FALSE) & " starts" -> 0 starts | Z3: =VLOOKUP(A3,INPUT_RANGE,82,FALSE) & " IP" -> 12.0 IP | AA3: =TRUNC(VLOOKUP(A3,INPUT_RANGE,82,FALSE)) & IF(AR3=0.333,"º",IF(AR3=0.666,"»","")) -> 12 | AB3: =AA3& " IP" -> 12 IP | AC3: =VLOOKUP(A3,INPUT_RANGE,79,FALSE) & " CG" -> 0 CG | AD3: =VLOOKUP(A3,INPUT_RANGE,80,FALSE) & " SHO" -> 0/0 SHO | AE3: =VLOOKUP(A3,INPUT_RANGE,75,FALSE) & " Win" -> 2 Win | AF3: =VLOOKUP(A3,INPUT_RANGE,76,FALSE) & " Loss" -> 0 Loss | AG3: =VLOOKUP(A3,INPUT_RANGE,75,FALSE) & "-" & VLOOKUP(A3,INPUT_RANGE,76,FALSE) & " W-L" -> 2-0 W-L | AH3: =VLOOKUP(A3,INPUT_RANGE,81,FALSE)& " Saves" -> 3 Saves | AI3: =VLOOKUP(A3,INPUT_RANGE,83,FALSE) & " H" -> 6 H | AJ3: =VLOOKUP(A3,INPUT_RANGE,84,FALSE) & " R" -> 2 R | AK3: =VLOOKUP(A3,INPUT_RANGE,85,FALSE) &" ER" -> 1 ER | AL3: =VLOOKUP(A3,INPUT_RANGE,88,FALSE) &" HR" -> 0 HR | AM3: =VLOOKUP(A3,INPUT_RANGE,87,FALSE) & " K" -> 18 K | AN3: =VLOOKUP(A3,INPUT_RANGE,86,FALSE) & " BB" -> 4 BB | AO3: =TEXT(AU3,"0.00") & " ERA" -> 0.75 ERA | AP3: =TEXT(AT3,"0.00") & " WHIP" -> 0.83 WHIP | AQ3: =IF(LEFT(RIGHT((VLOOKUP(A3,INPUT_RANGE,82,FALSE)),2),1)=".",RIGHT(VLOOKUP(A3,INPUT_RANGE,82,FALSE),1), "X") -> 0 | AR3: =IF(AQ3 ="1",0.333,IF(AQ3="2",0.666,0)) -> 0 | AS3: =VLOOKUP(A3,INPUT_RANGE,82,FALSE)-(AQ3*0.1)+AR3 -> 12 | AT3: =ROUND((VLOOKUP(A3,INPUT_RANGE,86,FALSE)+VLOOKUP(A3,INPUT_RANGE,83,FALSE))/AS3,2) -> 0.83 | AU3: =ROUND((VLOOKUP(A3,INPUT_RANGE,85,FALSE)/AS3)*('Team Info'!$H$25),2) -> 0.75 | AW3: =(VLOOKUP(A3,INPUT_RANGE,54,FALSE)/VLOOKUP(A3,INPUT_RANGE,52,FALSE)) -> 0.25925926 | AX3: =((VLOOKUP(A3,INPUT_RANGE,54,FALSE)+VLOOKUP(A3,INPUT_RANGE,60,FALSE)+VLOOKUP(A3,INPUT_RANGE,59,FALSE))/(VLOOKUP(A3,INPUT_RANGE,52,FALSE)+VLOOKUP(A3,INPUT_RANGE,60,FALSE)+VLOOKUP(A3,INPUT_RANGE,59,FALSE)+VLOOKUP(A3,INPUT_RANGE,63,FALSE))) -> 0.27586207 | AY3: =(VLOOKUP(A3,INPUT_RANGE,54)+VLOOKUP(A3,INPUT_RANGE,55)+(VLOOKUP(A3,INPUT_RANGE,56)*2)+(VLOOKUP(A3,INPUT_RANGE,57)*3))/(VLOOKUP(A3,INPUT_RANGE,52)) -> 0.44444444 | AZ3: =AX3+AY3 -> 0.72030651 | BA3: =TEXT(AZ3,".000") & " OPS" -> .720 OPS | BB3: =VLOOKUP(A3,INPUT_RANGE,78,FALSE) -> 0 | BC3: =VLOOKUP(A3,INPUT_RANGE,77,FALSE) -> 9 | BD3: =VLOOKUP(A3,INPUT_RANGE,75,FALSE) & "-" & VLOOKUP(A3,INPUT_RANGE,76,FALSE) -> 2-0 | BE3: =AU3 -> 0.75 | BF3: =AA3 -> 12 | BG3: =VLOOKUP(A3,INPUT_RANGE,86,FALSE) -> 4 | BH3: =VLOOKUP(A3,INPUT_RANGE,87,FALSE) -> 18 | BI3: =VLOOKUP(A3,INPUT_RANGE,81,FALSE) & " SAVES" -> 3 SAVES | BJ3: =VLOOKUP(A3,INPUT_RANGE,81,FALSE) -> 3 | BK3: =VLOOKUP(A3,INPUT_RANGE,83,FALSE) -> 6 | BL3: =VLOOKUP(A3,INPUT_RANGE,87,FALSE) & "/" & VLOOKUP(A3,INPUT_RANGE,86,FALSE) -> 18/4 | BM3: =ROUND((VLOOKUP(A3,INPUT_RANGE,86,FALSE)+VLOOKUP(A3,INPUT_RANGE,83,FALSE))/AS3,2) -> 0.83
A4: 3 | B4: 3 | C4: =Roster!$X6 -> - - | D4: =BA4 -> #N/A | F4: =M4 -> #N/A | H4: =T4 -> #N/A | J4: =N4 -> #N/A | M4: =TEXT(AW4,".000") & " BA" -> #N/A | N4: =VLOOKUP(A4,INPUT_RANGE,58,FALSE) & " RBI" -> #N/A | O4: =VLOOKUP(A4,INPUT_RANGE,60,FALSE) & " BB" -> #N/A | P4: =VLOOKUP(A4,INPUT_RANGE,61,FALSE) & " K" -> #N/A | Q4: =VLOOKUP(A4,INPUT_RANGE,64,FALSE) & " SB" -> #N/A | R4: =VLOOKUP(A4,INPUT_RANGE,55,FALSE) & " 2B" -> #N/A | S4: =VLOOKUP(A4,INPUT_RANGE,56,FALSE) & " 3B" -> #N/A | T4: =VLOOKUP(A4,INPUT_RANGE,57,FALSE) & " HR" -> #N/A | U4: =VLOOKUP(A4,INPUT_RANGE,53,FALSE) & " R" -> #N/A | V4: =TEXT(AX4, ".000") & " OBP" -> #N/A | X4: =VLOOKUP(A4,INPUT_RANGE,77,FALSE)&" games" -> #N/A | Y4: =VLOOKUP(A4,INPUT_RANGE,78,FALSE) & " starts" -> #N/A | Z4: =VLOOKUP(A4,INPUT_RANGE,82,FALSE) & " IP" -> #N/A | AA4: =TRUNC(VLOOKUP(A4,INPUT_RANGE,82,FALSE)) & IF(AR4=0.333,"º",IF(AR4=0.666,"»","")) -> #N/A | AB4: =AA4& " IP" -> #N/A | AC4: =VLOOKUP(A4,INPUT_RANGE,79,FALSE) & " CG" -> #N/A | AD4: =VLOOKUP(A4,INPUT_RANGE,80,FALSE) & " SHO" -> #N/A | AE4: =VLOOKUP(A4,INPUT_RANGE,75,FALSE) & " Win" -> #N/A | AF4: =VLOOKUP(A4,INPUT_RANGE,76,FALSE) & " Loss" -> #N/A | AG4: =VLOOKUP(A4,INPUT_RANGE,75,FALSE) & "-" & VLOOKUP(A4,INPUT_RANGE,76,FALSE) & " W-L" -> #N/A | AH4: =VLOOKUP(A4,INPUT_RANGE,81,FALSE)& " Saves" -> #N/A | AI4: =VLOOKUP(A4,INPUT_RANGE,83,FALSE) & " H" -> #N/A | AJ4: =VLOOKUP(A4,INPUT_RANGE,84,FALSE) & " R" -> #N/A | AK4: =VLOOKUP(A4,INPUT_RANGE,85,FALSE) &" ER" -> #N/A | AL4: =VLOOKUP(A4,INPUT_RANGE,88,FALSE) &" HR" -> #N/A | AM4: =VLOOKUP(A4,INPUT_RANGE,87,FALSE) & " K" -> #N/A | AN4: =VLOOKUP(A4,INPUT_RANGE,86,FALSE) & " BB" -> #N/A | AO4: =TEXT(AU4,"0.00") & " ERA" -> #N/A | AP4: =TEXT(AT4,"0.00") & " WHIP" -> #N/A | AQ4: =IF(LEFT(RIGHT((VLOOKUP(A4,INPUT_RANGE,82,FALSE)),2),1)=".",RIGHT(VLOOKUP(A4,INPUT_RANGE,82,FALSE),1), "X") -> #N/A | AR4: =IF(AQ4 ="1",0.333,IF(AQ4="2",0.666,0)) -> #N/A | AS4: =VLOOKUP(A4,INPUT_RANGE,82,FALSE)-(AQ4*0.1)+AR4 -> #N/A | AT4: =ROUND((VLOOKUP(A4,INPUT_RANGE,86,FALSE)+VLOOKUP(A4,INPUT_RANGE,83,FALSE))/AS4,2) -> #N/A | AU4: =ROUND((VLOOKUP(A4,INPUT_RANGE,85,FALSE)/AS4)*('Team Info'!$H$25),2) -> #N/A | AW4: =(VLOOKUP(A4,INPUT_RANGE,54,FALSE)/VLOOKUP(A4,INPUT_RANGE,52,FALSE)) -> #N/A | AX4: =((VLOOKUP(A4,INPUT_RANGE,54,FALSE)+VLOOKUP(A4,INPUT_RANGE,60,FALSE)+VLOOKUP(A4,INPUT_RANGE,59,FALSE))/(VLOOKUP(A4,INPUT_RANGE,52,FALSE)+VLOOKUP(A4,INPUT_RANGE,60,FALSE)+VLOOKUP(A4,INPUT_RANGE,59,FALSE)+VLOOKUP(A4,INPUT_RANGE,63,FALSE))) -> #N/A | AY4: =(VLOOKUP(A4,INPUT_RANGE,54)+VLOOKUP(A4,INPUT_RANGE,55)+(VLOOKUP(A4,INPUT_RANGE,56)*2)+(VLOOKUP(A4,INPUT_RANGE,57)*3))/(VLOOKUP(A4,INPUT_RANGE,52)) -> 0.44444444 | AZ4: =AX4+AY4 -> #N/A | BA4: =TEXT(AZ4,".000") & " OPS" -> #N/A | BB4: =VLOOKUP(A4,INPUT_RANGE,78,FALSE) -> #N/A | BC4: =VLOOKUP(A4,INPUT_RANGE,77,FALSE) -> #N/A | BD4: =VLOOKUP(A4,INPUT_RANGE,75,FALSE) & "-" & VLOOKUP(A4,INPUT_RANGE,76,FALSE) -> #N/A | BE4: =AU4 -> #N/A | BF4: =AA4 -> #N/A | BG4: =VLOOKUP(A4,INPUT_RANGE,86,FALSE) -> #N/A | BH4: =VLOOKUP(A4,INPUT_RANGE,87,FALSE) -> #N/A | BI4: =VLOOKUP(A4,INPUT_RANGE,81,FALSE) & " SAVES" -> #N/A | BJ4: =VLOOKUP(A4,INPUT_RANGE,81,FALSE) -> #N/A | BK4: =VLOOKUP(A4,INPUT_RANGE,83,FALSE) -> #N/A | BL4: =VLOOKUP(A4,INPUT_RANGE,87,FALSE) & "/" & VLOOKUP(A4,INPUT_RANGE,86,FALSE) -> #N/A | BM4: =ROUND((VLOOKUP(A4,INPUT_RANGE,86,FALSE)+VLOOKUP(A4,INPUT_RANGE,83,FALSE))/AS4,2) -> #N/A
A5: 4 | B5: 4 | C5: =Roster!$X7 -> - - | D5: =BA5 -> #N/A | F5: =M5 -> #N/A | H5: =T5 -> #N/A | J5: =N5 -> #N/A | M5: =TEXT(AW5,".000") & " BA" -> #N/A | N5: =VLOOKUP(A5,INPUT_RANGE,58,FALSE) & " RBI" -> #N/A | O5: =VLOOKUP(A5,INPUT_RANGE,60,FALSE) & " BB" -> #N/A | P5: =VLOOKUP(A5,INPUT_RANGE,61,FALSE) & " K" -> #N/A | Q5: =VLOOKUP(A5,INPUT_RANGE,64,FALSE) & " SB" -> #N/A | R5: =VLOOKUP(A5,INPUT_RANGE,55,FALSE) & " 2B" -> #N/A | S5: =VLOOKUP(A5,INPUT_RANGE,56,FALSE) & " 3B" -> #N/A | T5: =VLOOKUP(A5,INPUT_RANGE,57,FALSE) & " HR" -> #N/A | U5: =VLOOKUP(A5,INPUT_RANGE,53,FALSE) & " R" -> #N/A | V5: =TEXT(AX5, ".000") & " OBP" -> #N/A | X5: =VLOOKUP(A5,INPUT_RANGE,77,FALSE)&" games" -> #N/A | Y5: =VLOOKUP(A5,INPUT_RANGE,78,FALSE) & " starts" -> #N/A | Z5: =VLOOKUP(A5,INPUT_RANGE,82,FALSE) & " IP" -> #N/A | AA5: =TRUNC(VLOOKUP(A5,INPUT_RANGE,82,FALSE)) & IF(AR5=0.333,"º",IF(AR5=0.666,"»","")) -> #N/A | AB5: =AA5& " IP" -> #N/A | AC5: =VLOOKUP(A5,INPUT_RANGE,79,FALSE) & " CG" -> #N/A | AD5: =VLOOKUP(A5,INPUT_RANGE,80,FALSE) & " SHO" -> #N/A | AE5: =VLOOKUP(A5,INPUT_RANGE,75,FALSE) & " Win" -> #N/A | AF5: =VLOOKUP(A5,INPUT_RANGE,76,FALSE) & " Loss" -> #N/A | AG5: =VLOOKUP(A5,INPUT_RANGE,75,FALSE) & "-" & VLOOKUP(A5,INPUT_RANGE,76,FALSE) & " W-L" -> #N/A | AH5: =VLOOKUP(A5,INPUT_RANGE,81,FALSE)& " Saves" -> #N/A | AI5: =VLOOKUP(A5,INPUT_RANGE,83,FALSE) & " H" -> #N/A | AJ5: =VLOOKUP(A5,INPUT_RANGE,84,FALSE) & " R" -> #N/A | AK5: =VLOOKUP(A5,INPUT_RANGE,85,FALSE) &" ER" -> #N/A | AL5: =VLOOKUP(A5,INPUT_RANGE,88,FALSE) &" HR" -> #N/A | AM5: =VLOOKUP(A5,INPUT_RANGE,87,FALSE) & " K" -> #N/A | AN5: =VLOOKUP(A5,INPUT_RANGE,86,FALSE) & " BB" -> #N/A | AO5: =TEXT(AU5,"0.00") & " ERA" -> #N/A | AP5: =TEXT(AT5,"0.00") & " WHIP" -> #N/A | AQ5: =IF(LEFT(RIGHT((VLOOKUP(A5,INPUT_RANGE,82,FALSE)),2),1)=".",RIGHT(VLOOKUP(A5,INPUT_RANGE,82,FALSE),1), "X") -> #N/A | AR5: =IF(AQ5 ="1",0.333,IF(AQ5="2",0.666,0)) -> #N/A | AS5: =VLOOKUP(A5,INPUT_RANGE,82,FALSE)-(AQ5*0.1)+AR5 -> #N/A | AT5: =ROUND((VLOOKUP(A5,INPUT_RANGE,86,FALSE)+VLOOKUP(A5,INPUT_RANGE,83,FALSE))/AS5,2) -> #N/A | AU5: =ROUND((VLOOKUP(A5,INPUT_RANGE,85,FALSE)/AS5)*('Team Info'!$H$25),2) -> #N/A | AW5: =(VLOOKUP(A5,INPUT_RANGE,54,FALSE)/VLOOKUP(A5,INPUT_RANGE,52,FALSE)) -> #N/A | AX5: =((VLOOKUP(A5,INPUT_RANGE,54,FALSE)+VLOOKUP(A5,INPUT_RANGE,60,FALSE)+VLOOKUP(A5,INPUT_RANGE,59,FALSE))/(VLOOKUP(A5,INPUT_RANGE,52,FALSE)+VLOOKUP(A5,INPUT_RANGE,60,FALSE)+VLOOKUP(A5,INPUT_RANGE,59,FALSE)+VLOOKUP(A5,INPUT_RANGE,63,FALSE))) -> #N/A | AY5: =(VLOOKUP(A5,INPUT_RANGE,54)+VLOOKUP(A5,INPUT_RANGE,55)+(VLOOKUP(A5,INPUT_RANGE,56)*2)+(VLOOKUP(A5,INPUT_RANGE,57)*3))/(VLOOKUP(A5,INPUT_RANGE,52)) -> 0.44444444 | AZ5: =AX5+AY5 -> #N/A | BA5: =TEXT(AZ5,".000") & " OPS" -> #N/A | BB5: =VLOOKUP(A5,INPUT_RANGE,78,FALSE) -> #N/A | BC5: =VLOOKUP(A5,INPUT_RANGE,77,FALSE) -> #N/A | BD5: =VLOOKUP(A5,INPUT_RANGE,75,FALSE) & "-" & VLOOKUP(A5,INPUT_RANGE,76,FALSE) -> #N/A | BE5: =AU5 -> #N/A | BF5: =AA5 -> #N/A | BG5: =VLOOKUP(A5,INPUT_RANGE,86,FALSE) -> #N/A | BH5: =VLOOKUP(A5,INPUT_RANGE,87,FALSE) -> #N/A | BI5: =VLOOKUP(A5,INPUT_RANGE,81,FALSE) & " SAVES" -> #N/A | BJ5: =VLOOKUP(A5,INPUT_RANGE,81,FALSE) -> #N/A | BK5: =VLOOKUP(A5,INPUT_RANGE,83,FALSE) -> #N/A | BL5: =VLOOKUP(A5,INPUT_RANGE,87,FALSE) & "/" & VLOOKUP(A5,INPUT_RANGE,86,FALSE) -> #N/A | BM5: =ROUND((VLOOKUP(A5,INPUT_RANGE,86,FALSE)+VLOOKUP(A5,INPUT_RANGE,83,FALSE))/AS5,2) -> #N/A
A6: 5 | B6: 5 | C6: =Roster!$X8 -> - - | D6: =BA6 -> #N/A | F6: =M6 -> #N/A | H6: =T6 -> #N/A | J6: =N6 -> #N/A | M6: =TEXT(AW6,".000") & " BA" -> #N/A | N6: =VLOOKUP(A6,INPUT_RANGE,58,FALSE) & " RBI" -> #N/A | O6: =VLOOKUP(A6,INPUT_RANGE,60,FALSE) & " BB" -> #N/A | P6: =VLOOKUP(A6,INPUT_RANGE,61,FALSE) & " K" -> #N/A | Q6: =VLOOKUP(A6,INPUT_RANGE,64,FALSE) & " SB" -> #N/A | R6: =VLOOKUP(A6,INPUT_RANGE,55,FALSE) & " 2B" -> #N/A | S6: =VLOOKUP(A6,INPUT_RANGE,56,FALSE) & " 3B" -> #N/A | T6: =VLOOKUP(A6,INPUT_RANGE,57,FALSE) & " HR" -> #N/A | U6: =VLOOKUP(A6,INPUT_RANGE,53,FALSE) & " R" -> #N/A | V6: =TEXT(AX6, ".000") & " OBP" -> #N/A | X6: =VLOOKUP(A6,INPUT_RANGE,77,FALSE)&" games" -> #N/A | Y6: =VLOOKUP(A6,INPUT_RANGE,78,FALSE) & " starts" -> #N/A | Z6: =VLOOKUP(A6,INPUT_RANGE,82,FALSE) & " IP" -> #N/A | AA6: =TRUNC(VLOOKUP(A6,INPUT_RANGE,82,FALSE)) & IF(AR6=0.333,"º",IF(AR6=0.666,"»","")) -> #N/A | AB6: =AA6& " IP" -> #N/A | AC6: =VLOOKUP(A6,INPUT_RANGE,79,FALSE) & " CG" -> #N/A | AD6: =VLOOKUP(A6,INPUT_RANGE,80,FALSE) & " SHO" -> #N/A | AE6: =VLOOKUP(A6,INPUT_RANGE,75,FALSE) & " Win" -> #N/A | AF6: =VLOOKUP(A6,INPUT_RANGE,76,FALSE) & " Loss" -> #N/A | AG6: =VLOOKUP(A6,INPUT_RANGE,75,FALSE) & "-" & VLOOKUP(A6,INPUT_RANGE,76,FALSE) & " W-L" -> #N/A | AH6: =VLOOKUP(A6,INPUT_RANGE,81,FALSE)& " Saves" -> #N/A | AI6: =VLOOKUP(A6,INPUT_RANGE,83,FALSE) & " H" -> #N/A | AJ6: =VLOOKUP(A6,INPUT_RANGE,84,FALSE) & " R" -> #N/A | AK6: =VLOOKUP(A6,INPUT_RANGE,85,FALSE) &" ER" -> #N/A | AL6: =VLOOKUP(A6,INPUT_RANGE,88,FALSE) &" HR" -> #N/A | AM6: =VLOOKUP(A6,INPUT_RANGE,87,FALSE) & " K" -> #N/A | AN6: =VLOOKUP(A6,INPUT_RANGE,86,FALSE) & " BB" -> #N/A | AO6: =TEXT(AU6,"0.00") & " ERA" -> #N/A | AP6: =TEXT(AT6,"0.00") & " WHIP" -> #N/A | AQ6: =IF(LEFT(RIGHT((VLOOKUP(A6,INPUT_RANGE,82,FALSE)),2),1)=".",RIGHT(VLOOKUP(A6,INPUT_RANGE,82,FALSE),1), "X") -> #N/A | AR6: =IF(AQ6 ="1",0.333,IF(AQ6="2",0.666,0)) -> #N/A | AS6: =VLOOKUP(A6,INPUT_RANGE,82,FALSE)-(AQ6*0.1)+AR6 -> #N/A | AT6: =ROUND((VLOOKUP(A6,INPUT_RANGE,86,FALSE)+VLOOKUP(A6,INPUT_RANGE,83,FALSE))/AS6,2) -> #N/A | AU6: =ROUND((VLOOKUP(A6,INPUT_RANGE,85,FALSE)/AS6)*('Team Info'!$H$25),2) -> #N/A | AW6: =(VLOOKUP(A6,INPUT_RANGE,54,FALSE)/VLOOKUP(A6,INPUT_RANGE,52,FALSE)) -> #N/A | AX6: =((VLOOKUP(A6,INPUT_RANGE,54,FALSE)+VLOOKUP(A6,INPUT_RANGE,60,FALSE)+VLOOKUP(A6,INPUT_RANGE,59,FALSE))/(VLOOKUP(A6,INPUT_RANGE,52,FALSE)+VLOOKUP(A6,INPUT_RANGE,60,FALSE)+VLOOKUP(A6,INPUT_RANGE,59,FALSE)+VLOOKUP(A6,INPUT_RANGE,63,FALSE))) -> #N/A | AY6: =(VLOOKUP(A6,INPUT_RANGE,54)+VLOOKUP(A6,INPUT_RANGE,55)+(VLOOKUP(A6,INPUT_RANGE,56)*2)+(VLOOKUP(A6,INPUT_RANGE,57)*3))/(VLOOKUP(A6,INPUT_RANGE,52)) -> 0.44444444 | AZ6: =AX6+AY6 -> #N/A | BA6: =TEXT(AZ6,".000") & " OPS" -> #N/A | BB6: =VLOOKUP(A6,INPUT_RANGE,78,FALSE) -> #N/A | BC6: =VLOOKUP(A6,INPUT_RANGE,77,FALSE) -> #N/A | BD6: =VLOOKUP(A6,INPUT_RANGE,75,FALSE) & "-" & VLOOKUP(A6,INPUT_RANGE,76,FALSE) -> #N/A | BE6: =AU6 -> #N/A | BF6: =AA6 -> #N/A | BG6: =VLOOKUP(A6,INPUT_RANGE,86,FALSE) -> #N/A | BH6: =VLOOKUP(A6,INPUT_RANGE,87,FALSE) -> #N/A | BI6: =VLOOKUP(A6,INPUT_RANGE,81,FALSE) & " SAVES" -> #N/A | BJ6: =VLOOKUP(A6,INPUT_RANGE,81,FALSE) -> #N/A | BK6: =VLOOKUP(A6,INPUT_RANGE,83,FALSE) -> #N/A | BL6: =VLOOKUP(A6,INPUT_RANGE,87,FALSE) & "/" & VLOOKUP(A6,INPUT_RANGE,86,FALSE) -> #N/A | BM6: =ROUND((VLOOKUP(A6,INPUT_RANGE,86,FALSE)+VLOOKUP(A6,INPUT_RANGE,83,FALSE))/AS6,2) -> #N/A
A7: 6 | B7: 6 | C7: =Roster!$X9 -> - - | D7: =BA7 -> #N/A | F7: =M7 -> #N/A | H7: =T7 -> #N/A | J7: =N7 -> #N/A | M7: =TEXT(AW7,".000") & " BA" -> #N/A | N7: =VLOOKUP(A7,INPUT_RANGE,58,FALSE) & " RBI" -> #N/A | O7: =VLOOKUP(A7,INPUT_RANGE,60,FALSE) & " BB" -> #N/A | P7: =VLOOKUP(A7,INPUT_RANGE,61,FALSE) & " K" -> #N/A | Q7: =VLOOKUP(A7,INPUT_RANGE,64,FALSE) & " SB" -> #N/A | R7: =VLOOKUP(A7,INPUT_RANGE,55,FALSE) & " 2B" -> #N/A | S7: =VLOOKUP(A7,INPUT_RANGE,56,FALSE) & " 3B" -> #N/A | T7: =VLOOKUP(A7,INPUT_RANGE,57,FALSE) & " HR" -> #N/A | U7: =VLOOKUP(A7,INPUT_RANGE,53,FALSE) & " R" -> #N/A | V7: =TEXT(AX7, ".000") & " OBP" -> #N/A | X7: =VLOOKUP(A7,INPUT_RANGE,77,FALSE)&" games" -> #N/A | Y7: =VLOOKUP(A7,INPUT_RANGE,78,FALSE) & " starts" -> #N/A | Z7: =VLOOKUP(A7,INPUT_RANGE,82,FALSE) & " IP" -> #N/A | AA7: =TRUNC(VLOOKUP(A7,INPUT_RANGE,82,FALSE)) & IF(AR7=0.333,"º",IF(AR7=0.666,"»","")) -> #N/A | AB7: =AA7& " IP" -> #N/A | AC7: =VLOOKUP(A7,INPUT_RANGE,79,FALSE) & " CG" -> #N/A | AD7: =VLOOKUP(A7,INPUT_RANGE,80,FALSE) & " SHO" -> #N/A | AE7: =VLOOKUP(A7,INPUT_RANGE,75,FALSE) & " Win" -> #N/A | AF7: =VLOOKUP(A7,INPUT_RANGE,76,FALSE) & " Loss" -> #N/A | AG7: =VLOOKUP(A7,INPUT_RANGE,75,FALSE) & "-" & VLOOKUP(A7,INPUT_RANGE,76,FALSE) & " W-L" -> #N/A | AH7: =VLOOKUP(A7,INPUT_RANGE,81,FALSE)& " Saves" -> #N/A | AI7: =VLOOKUP(A7,INPUT_RANGE,83,FALSE) & " H" -> #N/A | AJ7: =VLOOKUP(A7,INPUT_RANGE,84,FALSE) & " R" -> #N/A | AK7: =VLOOKUP(A7,INPUT_RANGE,85,FALSE) &" ER" -> #N/A | AL7: =VLOOKUP(A7,INPUT_RANGE,88,FALSE) &" HR" -> #N/A | AM7: =VLOOKUP(A7,INPUT_RANGE,87,FALSE) & " K" -> #N/A | AN7: =VLOOKUP(A7,INPUT_RANGE,86,FALSE) & " BB" -> #N/A | AO7: =TEXT(AU7,"0.00") & " ERA" -> #N/A | AP7: =TEXT(AT7,"0.00") & " WHIP" -> #N/A | AQ7: =IF(LEFT(RIGHT((VLOOKUP(A7,INPUT_RANGE,82,FALSE)),2),1)=".",RIGHT(VLOOKUP(A7,INPUT_RANGE,82,FALSE),1), "X") -> #N/A | AR7: =IF(AQ7 ="1",0.333,IF(AQ7="2",0.666,0)) -> #N/A | AS7: =VLOOKUP(A7,INPUT_RANGE,82,FALSE)-(AQ7*0.1)+AR7 -> #N/A | AT7: =ROUND((VLOOKUP(A7,INPUT_RANGE,86,FALSE)+VLOOKUP(A7,INPUT_RANGE,83,FALSE))/AS7,2) -> #N/A | AU7: =ROUND((VLOOKUP(A7,INPUT_RANGE,85,FALSE)/AS7)*('Team Info'!$H$25),2) -> #N/A | AW7: =(VLOOKUP(A7,INPUT_RANGE,54,FALSE)/VLOOKUP(A7,INPUT_RANGE,52,FALSE)) -> #N/A | AX7: =((VLOOKUP(A7,INPUT_RANGE,54,FALSE)+VLOOKUP(A7,INPUT_RANGE,60,FALSE)+VLOOKUP(A7,INPUT_RANGE,59,FALSE))/(VLOOKUP(A7,INPUT_RANGE,52,FALSE)+VLOOKUP(A7,INPUT_RANGE,60,FALSE)+VLOOKUP(A7,INPUT_RANGE,59,FALSE)+VLOOKUP(A7,INPUT_RANGE,63,FALSE))) -> #N/A | AY7: =(VLOOKUP(A7,INPUT_RANGE,54)+VLOOKUP(A7,INPUT_RANGE,55)+(VLOOKUP(A7,INPUT_RANGE,56)*2)+(VLOOKUP(A7,INPUT_RANGE,57)*3))/(VLOOKUP(A7,INPUT_RANGE,52)) -> 0.44444444 | AZ7: =AX7+AY7 -> #N/A | BA7: =TEXT(AZ7,".000") & " OPS" -> #N/A | BB7: =VLOOKUP(A7,INPUT_RANGE,78,FALSE) -> #N/A | BC7: =VLOOKUP(A7,INPUT_RANGE,77,FALSE) -> #N/A | BD7: =VLOOKUP(A7,INPUT_RANGE,75,FALSE) & "-" & VLOOKUP(A7,INPUT_RANGE,76,FALSE) -> #N/A | BE7: =AU7 -> #N/A | BF7: =AA7 -> #N/A | BG7: =VLOOKUP(A7,INPUT_RANGE,86,FALSE) -> #N/A | BH7: =VLOOKUP(A7,INPUT_RANGE,87,FALSE) -> #N/A | BI7: =VLOOKUP(A7,INPUT_RANGE,81,FALSE) & " SAVES" -> #N/A | BJ7: =VLOOKUP(A7,INPUT_RANGE,81,FALSE) -> #N/A | BK7: =VLOOKUP(A7,INPUT_RANGE,83,FALSE) -> #N/A | BL7: =VLOOKUP(A7,INPUT_RANGE,87,FALSE) & "/" & VLOOKUP(A7,INPUT_RANGE,86,FALSE) -> #N/A | BM7: =ROUND((VLOOKUP(A7,INPUT_RANGE,86,FALSE)+VLOOKUP(A7,INPUT_RANGE,83,FALSE))/AS7,2) -> #N/A
A8: 7 | B8: 7 | C8: =Roster!$X10 -> - - | D8: =BA8 -> #N/A | F8: =M8 -> #N/A | H8: =T8 -> #N/A | J8: =N8 -> #N/A | M8: =TEXT(AW8,".000") & " BA" -> #N/A | N8: =VLOOKUP(A8,INPUT_RANGE,58,FALSE) & " RBI" -> #N/A | O8: =VLOOKUP(A8,INPUT_RANGE,60,FALSE) & " BB" -> #N/A | P8: =VLOOKUP(A8,INPUT_RANGE,61,FALSE) & " K" -> #N/A | Q8: =VLOOKUP(A8,INPUT_RANGE,64,FALSE) & " SB" -> #N/A | R8: =VLOOKUP(A8,INPUT_RANGE,55,FALSE) & " 2B" -> #N/A | S8: =VLOOKUP(A8,INPUT_RANGE,56,FALSE) & " 3B" -> #N/A | T8: =VLOOKUP(A8,INPUT_RANGE,57,FALSE) & " HR" -> #N/A | U8: =VLOOKUP(A8,INPUT_RANGE,53,FALSE) & " R" -> #N/A | V8: =TEXT(AX8, ".000") & " OBP" -> #N/A | X8: =VLOOKUP(A8,INPUT_RANGE,77,FALSE)&" games" -> #N/A | Y8: =VLOOKUP(A8,INPUT_RANGE,78,FALSE) & " starts" -> #N/A | Z8: =VLOOKUP(A8,INPUT_RANGE,82,FALSE) & " IP" -> #N/A | AA8: =TRUNC(VLOOKUP(A8,INPUT_RANGE,82,FALSE)) & IF(AR8=0.333,"º",IF(AR8=0.666,"»","")) -> #N/A | AB8: =AA8& " IP" -> #N/A | AC8: =VLOOKUP(A8,INPUT_RANGE,79,FALSE) & " CG" -> #N/A | AD8: =VLOOKUP(A8,INPUT_RANGE,80,FALSE) & " SHO" -> #N/A | AE8: =VLOOKUP(A8,INPUT_RANGE,75,FALSE) & " Win" -> #N/A | AF8: =VLOOKUP(A8,INPUT_RANGE,76,FALSE) & " Loss" -> #N/A | AG8: =VLOOKUP(A8,INPUT_RANGE,75,FALSE) & "-" & VLOOKUP(A8,INPUT_RANGE,76,FALSE) & " W-L" -> #N/A | AH8: =VLOOKUP(A8,INPUT_RANGE,81,FALSE)& " Saves" -> #N/A | AI8: =VLOOKUP(A8,INPUT_RANGE,83,FALSE) & " H" -> #N/A | AJ8: =VLOOKUP(A8,INPUT_RANGE,84,FALSE) & " R" -> #N/A | AK8: =VLOOKUP(A8,INPUT_RANGE,85,FALSE) &" ER" -> #N/A | AL8: =VLOOKUP(A8,INPUT_RANGE,88,FALSE) &" HR" -> #N/A | AM8: =VLOOKUP(A8,INPUT_RANGE,87,FALSE) & " K" -> #N/A | AN8: =VLOOKUP(A8,INPUT_RANGE,86,FALSE) & " BB" -> #N/A | AO8: =TEXT(AU8,"0.00") & " ERA" -> #N/A | AP8: =TEXT(AT8,"0.00") & " WHIP" -> #N/A | AQ8: =IF(LEFT(RIGHT((VLOOKUP(A8,INPUT_RANGE,82,FALSE)),2),1)=".",RIGHT(VLOOKUP(A8,INPUT_RANGE,82,FALSE),1), "X") -> #N/A | AR8: =IF(AQ8 ="1",0.333,IF(AQ8="2",0.666,0)) -> #N/A | AS8: =VLOOKUP(A8,INPUT_RANGE,82,FALSE)-(AQ8*0.1)+AR8 -> #N/A | AT8: =ROUND((VLOOKUP(A8,INPUT_RANGE,86,FALSE)+VLOOKUP(A8,INPUT_RANGE,83,FALSE))/AS8,2) -> #N/A | AU8: =ROUND((VLOOKUP(A8,INPUT_RANGE,85,FALSE)/AS8)*('Team Info'!$H$25),2) -> #N/A | AW8: =(VLOOKUP(A8,INPUT_RANGE,54,FALSE)/VLOOKUP(A8,INPUT_RANGE,52,FALSE)) -> #N/A | AX8: =((VLOOKUP(A8,INPUT_RANGE,54,FALSE)+VLOOKUP(A8,INPUT_RANGE,60,FALSE)+VLOOKUP(A8,INPUT_RANGE,59,FALSE))/(VLOOKUP(A8,INPUT_RANGE,52,FALSE)+VLOOKUP(A8,INPUT_RANGE,60,FALSE)+VLOOKUP(A8,INPUT_RANGE,59,FALSE)+VLOOKUP(A8,INPUT_RANGE,63,FALSE))) -> #N/A | AY8: =(VLOOKUP(A8,INPUT_RANGE,54)+VLOOKUP(A8,INPUT_RANGE,55)+(VLOOKUP(A8,INPUT_RANGE,56)*2)+(VLOOKUP(A8,INPUT_RANGE,57)*3))/(VLOOKUP(A8,INPUT_RANGE,52)) -> 0.44444444 | AZ8: =AX8+AY8 -> #N/A | BA8: =TEXT(AZ8,".000") & " OPS" -> #N/A | BB8: =VLOOKUP(A8,INPUT_RANGE,78,FALSE) -> #N/A | BC8: =VLOOKUP(A8,INPUT_RANGE,77,FALSE) -> #N/A | BD8: =VLOOKUP(A8,INPUT_RANGE,75,FALSE) & "-" & VLOOKUP(A8,INPUT_RANGE,76,FALSE) -> #N/A | BE8: =AU8 -> #N/A | BF8: =AA8 -> #N/A | BG8: =VLOOKUP(A8,INPUT_RANGE,86,FALSE) -> #N/A | BH8: =VLOOKUP(A8,INPUT_RANGE,87,FALSE) -> #N/A | BI8: =VLOOKUP(A8,INPUT_RANGE,81,FALSE) & " SAVES" -> #N/A | BJ8: =VLOOKUP(A8,INPUT_RANGE,81,FALSE) -> #N/A | BK8: =VLOOKUP(A8,INPUT_RANGE,83,FALSE) -> #N/A | BL8: =VLOOKUP(A8,INPUT_RANGE,87,FALSE) & "/" & VLOOKUP(A8,INPUT_RANGE,86,FALSE) -> #N/A | BM8: =ROUND((VLOOKUP(A8,INPUT_RANGE,86,FALSE)+VLOOKUP(A8,INPUT_RANGE,83,FALSE))/AS8,2) -> #N/A
A9: 8 | B9: 8 | C9: =Roster!$X11 -> - - | D9: =BA9 -> #N/A | F9: =M9 -> #N/A | H9: =T9 -> #N/A | J9: =N9 -> #N/A | M9: =TEXT(AW9,".000") & " BA" -> #N/A | N9: =VLOOKUP(A9,INPUT_RANGE,58,FALSE) & " RBI" -> #N/A | O9: =VLOOKUP(A9,INPUT_RANGE,60,FALSE) & " BB" -> #N/A | P9: =VLOOKUP(A9,INPUT_RANGE,61,FALSE) & " K" -> #N/A | Q9: =VLOOKUP(A9,INPUT_RANGE,64,FALSE) & " SB" -> #N/A | R9: =VLOOKUP(A9,INPUT_RANGE,55,FALSE) & " 2B" -> #N/A | S9: =VLOOKUP(A9,INPUT_RANGE,56,FALSE) & " 3B" -> #N/A | T9: =VLOOKUP(A9,INPUT_RANGE,57,FALSE) & " HR" -> #N/A | U9: =VLOOKUP(A9,INPUT_RANGE,53,FALSE) & " R" -> #N/A | V9: =TEXT(AX9, ".000") & " OBP" -> #N/A | X9: =VLOOKUP(A9,INPUT_RANGE,77,FALSE)&" games" -> #N/A | Y9: =VLOOKUP(A9,INPUT_RANGE,78,FALSE) & " starts" -> #N/A | Z9: =VLOOKUP(A9,INPUT_RANGE,82,FALSE) & " IP" -> #N/A | AA9: =TRUNC(VLOOKUP(A9,INPUT_RANGE,82,FALSE)) & IF(AR9=0.333,"º",IF(AR9=0.666,"»","")) -> #N/A | AB9: =AA9& " IP" -> #N/A | AC9: =VLOOKUP(A9,INPUT_RANGE,79,FALSE) & " CG" -> #N/A | AD9: =VLOOKUP(A9,INPUT_RANGE,80,FALSE) & " SHO" -> #N/A | AE9: =VLOOKUP(A9,INPUT_RANGE,75,FALSE) & " Win" -> #N/A | AF9: =VLOOKUP(A9,INPUT_RANGE,76,FALSE) & " Loss" -> #N/A | AG9: =VLOOKUP(A9,INPUT_RANGE,75,FALSE) & "-" & VLOOKUP(A9,INPUT_RANGE,76,FALSE) & " W-L" -> #N/A | AH9: =VLOOKUP(A9,INPUT_RANGE,81,FALSE)& " Saves" -> #N/A | AI9: =VLOOKUP(A9,INPUT_RANGE,83,FALSE) & " H" -> #N/A | AJ9: =VLOOKUP(A9,INPUT_RANGE,84,FALSE) & " R" -> #N/A | AK9: =VLOOKUP(A9,INPUT_RANGE,85,FALSE) &" ER" -> #N/A | AL9: =VLOOKUP(A9,INPUT_RANGE,88,FALSE) &" HR" -> #N/A | AM9: =VLOOKUP(A9,INPUT_RANGE,87,FALSE) & " K" -> #N/A | AN9: =VLOOKUP(A9,INPUT_RANGE,86,FALSE) & " BB" -> #N/A | AO9: =TEXT(AU9,"0.00") & " ERA" -> #N/A | AP9: =TEXT(AT9,"0.00") & " WHIP" -> #N/A | AQ9: =IF(LEFT(RIGHT((VLOOKUP(A9,INPUT_RANGE,82,FALSE)),2),1)=".",RIGHT(VLOOKUP(A9,INPUT_RANGE,82,FALSE),1), "X") -> #N/A | AR9: =IF(AQ9 ="1",0.333,IF(AQ9="2",0.666,0)) -> #N/A | AS9: =VLOOKUP(A9,INPUT_RANGE,82,FALSE)-(AQ9*0.1)+AR9 -> #N/A | AT9: =ROUND((VLOOKUP(A9,INPUT_RANGE,86,FALSE)+VLOOKUP(A9,INPUT_RANGE,83,FALSE))/AS9,2) -> #N/A | AU9: =ROUND((VLOOKUP(A9,INPUT_RANGE,85,FALSE)/AS9)*('Team Info'!$H$25),2) -> #N/A | AW9: =(VLOOKUP(A9,INPUT_RANGE,54,FALSE)/VLOOKUP(A9,INPUT_RANGE,52,FALSE)) -> #N/A | AX9: =((VLOOKUP(A9,INPUT_RANGE,54,FALSE)+VLOOKUP(A9,INPUT_RANGE,60,FALSE)+VLOOKUP(A9,INPUT_RANGE,59,FALSE))/(VLOOKUP(A9,INPUT_RANGE,52,FALSE)+VLOOKUP(A9,INPUT_RANGE,60,FALSE)+VLOOKUP(A9,INPUT_RANGE,59,FALSE)+VLOOKUP(A9,INPUT_RANGE,63,FALSE))) -> #N/A | AY9: =(VLOOKUP(A9,INPUT_RANGE,54)+VLOOKUP(A9,INPUT_RANGE,55)+(VLOOKUP(A9,INPUT_RANGE,56)*2)+(VLOOKUP(A9,INPUT_RANGE,57)*3))/(VLOOKUP(A9,INPUT_RANGE,52)) -> 0.44444444 | AZ9: =AX9+AY9 -> #N/A | BA9: =TEXT(AZ9,".000") & " OPS" -> #N/A | BB9: =VLOOKUP(A9,INPUT_RANGE,78,FALSE) -> #N/A | BC9: =VLOOKUP(A9,INPUT_RANGE,77,FALSE) -> #N/A | BD9: =VLOOKUP(A9,INPUT_RANGE,75,FALSE) & "-" & VLOOKUP(A9,INPUT_RANGE,76,FALSE) -> #N/A | BE9: =AU9 -> #N/A | BF9: =AA9 -> #N/A | BG9: =VLOOKUP(A9,INPUT_RANGE,86,FALSE) -> #N/A | BH9: =VLOOKUP(A9,INPUT_RANGE,87,FALSE) -> #N/A | BI9: =VLOOKUP(A9,INPUT_RANGE,81,FALSE) & " SAVES" -> #N/A | BJ9: =VLOOKUP(A9,INPUT_RANGE,81,FALSE) -> #N/A | BK9: =VLOOKUP(A9,INPUT_RANGE,83,FALSE) -> #N/A | BL9: =VLOOKUP(A9,INPUT_RANGE,87,FALSE) & "/" & VLOOKUP(A9,INPUT_RANGE,86,FALSE) -> #N/A | BM9: =ROUND((VLOOKUP(A9,INPUT_RANGE,86,FALSE)+VLOOKUP(A9,INPUT_RANGE,83,FALSE))/AS9,2) -> #N/A
A10: 9 | B10: 9 | C10: =Roster!$X12 -> - - | D10: =BA10 -> #N/A | F10: =M10 -> #N/A | H10: =T10 -> #N/A | J10: =N10 -> #N/A | M10: =TEXT(AW10,".000") & " BA" -> #N/A | N10: =VLOOKUP(A10,INPUT_RANGE,58,FALSE) & " RBI" -> #N/A | O10: =VLOOKUP(A10,INPUT_RANGE,60,FALSE) & " BB" -> #N/A | P10: =VLOOKUP(A10,INPUT_RANGE,61,FALSE) & " K" -> #N/A | Q10: =VLOOKUP(A10,INPUT_RANGE,64,FALSE) & " SB" -> #N/A | R10: =VLOOKUP(A10,INPUT_RANGE,55,FALSE) & " 2B" -> #N/A | S10: =VLOOKUP(A10,INPUT_RANGE,56,FALSE) & " 3B" -> #N/A | T10: =VLOOKUP(A10,INPUT_RANGE,57,FALSE) & " HR" -> #N/A | U10: =VLOOKUP(A10,INPUT_RANGE,53,FALSE) & " R" -> #N/A | V10: =TEXT(AX10, ".000") & " OBP" -> #N/A | X10: =VLOOKUP(A10,INPUT_RANGE,77,FALSE)&" games" -> #N/A | Y10: =VLOOKUP(A10,INPUT_RANGE,78,FALSE) & " starts" -> #N/A | Z10: =VLOOKUP(A10,INPUT_RANGE,82,FALSE) & " IP" -> #N/A | AA10: =TRUNC(VLOOKUP(A10,INPUT_RANGE,82,FALSE)) & IF(AR10=0.333,"º",IF(AR10=0.666,"»","")) -> #N/A | AB10: =AA10& " IP" -> #N/A | AC10: =VLOOKUP(A10,INPUT_RANGE,79,FALSE) & " CG" -> #N/A | AD10: =VLOOKUP(A10,INPUT_RANGE,80,FALSE) & " SHO" -> #N/A | AE10: =VLOOKUP(A10,INPUT_RANGE,75,FALSE) & " Win" -> #N/A | AF10: =VLOOKUP(A10,INPUT_RANGE,76,FALSE) & " Loss" -> #N/A | AG10: =VLOOKUP(A10,INPUT_RANGE,75,FALSE) & "-" & VLOOKUP(A10,INPUT_RANGE,76,FALSE) & " W-L" -> #N/A | AH10: =VLOOKUP(A10,INPUT_RANGE,81,FALSE)& " Saves" -> #N/A | AI10: =VLOOKUP(A10,INPUT_RANGE,83,FALSE) & " H" -> #N/A | AJ10: =VLOOKUP(A10,INPUT_RANGE,84,FALSE) & " R" -> #N/A | AK10: =VLOOKUP(A10,INPUT_RANGE,85,FALSE) &" ER" -> #N/A | AL10: =VLOOKUP(A10,INPUT_RANGE,88,FALSE) &" HR" -> #N/A | AM10: =VLOOKUP(A10,INPUT_RANGE,87,FALSE) & " K" -> #N/A | AN10: =VLOOKUP(A10,INPUT_RANGE,86,FALSE) & " BB" -> #N/A | AO10: =TEXT(AU10,"0.00") & " ERA" -> #N/A | AP10: =TEXT(AT10,"0.00") & " WHIP" -> #N/A | AQ10: =IF(LEFT(RIGHT((VLOOKUP(A10,INPUT_RANGE,82,FALSE)),2),1)=".",RIGHT(VLOOKUP(A10,INPUT_RANGE,82,FALSE),1), "X") -> #N/A | AR10: =IF(AQ10 ="1",0.333,IF(AQ10="2",0.666,0)) -> #N/A | AS10: =VLOOKUP(A10,INPUT_RANGE,82,FALSE)-(AQ10*0.1)+AR10 -> #N/A | AT10: =ROUND((VLOOKUP(A10,INPUT_RANGE,86,FALSE)+VLOOKUP(A10,INPUT_RANGE,83,FALSE))/AS10,2) -> #N/A | AU10: =ROUND((VLOOKUP(A10,INPUT_RANGE,85,FALSE)/AS10)*('Team Info'!$H$25),2) -> #N/A | AW10: =(VLOOKUP(A10,INPUT_RANGE,54,FALSE)/VLOOKUP(A10,INPUT_RANGE,52,FALSE)) -> #N/A | AX10: =((VLOOKUP(A10,INPUT_RANGE,54,FALSE)+VLOOKUP(A10,INPUT_RANGE,60,FALSE)+VLOOKUP(A10,INPUT_RANGE,59,FALSE))/(VLOOKUP(A10,INPUT_RANGE,52,FALSE)+VLOOKUP(A10,INPUT_RANGE,60,FALSE)+VLOOKUP(A10,INPUT_RANGE,59,FALSE)+VLOOKUP(A10,INPUT_RANGE,63,FALSE))) -> #N/A | AY10: =(VLOOKUP(A10,INPUT_RANGE,54)+VLOOKUP(A10,INPUT_RANGE,55)+(VLOOKUP(A10,INPUT_RANGE,56)*2)+(VLOOKUP(A10,INPUT_RANGE,57)*3))/(VLOOKUP(A10,INPUT_RANGE,52)) -> 0.44444444 | AZ10: =AX10+AY10 -> #N/A | BA10: =TEXT(AZ10,".000") & " OPS" -> #N/A | BB10: =VLOOKUP(A10,INPUT_RANGE,78,FALSE) -> #N/A | BC10: =VLOOKUP(A10,INPUT_RANGE,77,FALSE) -> #N/A | BD10: =VLOOKUP(A10,INPUT_RANGE,75,FALSE) & "-" & VLOOKUP(A10,INPUT_RANGE,76,FALSE) -> #N/A | BE10: =AU10 -> #N/A | BF10: =AA10 -> #N/A | BG10: =VLOOKUP(A10,INPUT_RANGE,86,FALSE) -> #N/A | BH10: =VLOOKUP(A10,INPUT_RANGE,87,FALSE) -> #N/A | BI10: =VLOOKUP(A10,INPUT_RANGE,81,FALSE) & " SAVES" -> #N/A | BJ10: =VLOOKUP(A10,INPUT_RANGE,81,FALSE) -> #N/A | BK10: =VLOOKUP(A10,INPUT_RANGE,83,FALSE) -> #N/A | BL10: =VLOOKUP(A10,INPUT_RANGE,87,FALSE) & "/" & VLOOKUP(A10,INPUT_RANGE,86,FALSE) -> #N/A | BM10: =ROUND((VLOOKUP(A10,INPUT_RANGE,86,FALSE)+VLOOKUP(A10,INPUT_RANGE,83,FALSE))/AS10,2) -> #N/A
A11: 10 | B11: 10 | C11: =Roster!$X13 -> - - | D11: =BA11 -> #N/A | F11: =M11 -> #N/A | H11: =T11 -> #N/A | J11: =N11 -> #N/A | M11: =TEXT(AW11,".000") & " BA" -> #N/A | N11: =VLOOKUP(A11,INPUT_RANGE,58,FALSE) & " RBI" -> #N/A | O11: =VLOOKUP(A11,INPUT_RANGE,60,FALSE) & " BB" -> #N/A | P11: =VLOOKUP(A11,INPUT_RANGE,61,FALSE) & " K" -> #N/A | Q11: =VLOOKUP(A11,INPUT_RANGE,64,FALSE) & " SB" -> #N/A | R11: =VLOOKUP(A11,INPUT_RANGE,55,FALSE) & " 2B" -> #N/A | S11: =VLOOKUP(A11,INPUT_RANGE,56,FALSE) & " 3B" -> #N/A | T11: =VLOOKUP(A11,INPUT_RANGE,57,FALSE) & " HR" -> #N/A | U11: =VLOOKUP(A11,INPUT_RANGE,53,FALSE) & " R" -> #N/A | V11: =TEXT(AX11, ".000") & " OBP" -> #N/A | X11: =VLOOKUP(A11,INPUT_RANGE,77,FALSE)&" games" -> #N/A | Y11: =VLOOKUP(A11,INPUT_RANGE,78,FALSE) & " starts" -> #N/A | Z11: =VLOOKUP(A11,INPUT_RANGE,82,FALSE) & " IP" -> #N/A | AA11: =TRUNC(VLOOKUP(A11,INPUT_RANGE,82,FALSE)) & IF(AR11=0.333,"º",IF(AR11=0.666,"»","")) -> #N/A | AB11: =AA11& " IP" -> #N/A | AC11: =VLOOKUP(A11,INPUT_RANGE,79,FALSE) & " CG" -> #N/A | AD11: =VLOOKUP(A11,INPUT_RANGE,80,FALSE) & " SHO" -> #N/A | AE11: =VLOOKUP(A11,INPUT_RANGE,75,FALSE) & " Win" -> #N/A | AF11: =VLOOKUP(A11,INPUT_RANGE,76,FALSE) & " Loss" -> #N/A | AG11: =VLOOKUP(A11,INPUT_RANGE,75,FALSE) & "-" & VLOOKUP(A11,INPUT_RANGE,76,FALSE) & " W-L" -> #N/A | AH11: =VLOOKUP(A11,INPUT_RANGE,81,FALSE)& " Saves" -> #N/A | AI11: =VLOOKUP(A11,INPUT_RANGE,83,FALSE) & " H" -> #N/A | AJ11: =VLOOKUP(A11,INPUT_RANGE,84,FALSE) & " R" -> #N/A | AK11: =VLOOKUP(A11,INPUT_RANGE,85,FALSE) &" ER" -> #N/A | AL11: =VLOOKUP(A11,INPUT_RANGE,88,FALSE) &" HR" -> #N/A | AM11: =VLOOKUP(A11,INPUT_RANGE,87,FALSE) & " K" -> #N/A | AN11: =VLOOKUP(A11,INPUT_RANGE,86,FALSE) & " BB" -> #N/A | AO11: =TEXT(AU11,"0.00") & " ERA" -> #N/A | AP11: =TEXT(AT11,"0.00") & " WHIP" -> #N/A | AQ11: =IF(LEFT(RIGHT((VLOOKUP(A11,INPUT_RANGE,82,FALSE)),2),1)=".",RIGHT(VLOOKUP(A11,INPUT_RANGE,82,FALSE),1), "X") -> #N/A | AR11: =IF(AQ11 ="1",0.333,IF(AQ11="2",0.666,0)) -> #N/A | AS11: =VLOOKUP(A11,INPUT_RANGE,82,FALSE)-(AQ11*0.1)+AR11 -> #N/A | AT11: =ROUND((VLOOKUP(A11,INPUT_RANGE,86,FALSE)+VLOOKUP(A11,INPUT_RANGE,83,FALSE))/AS11,2) -> #N/A | AU11: =ROUND((VLOOKUP(A11,INPUT_RANGE,85,FALSE)/AS11)*('Team Info'!$H$25),2) -> #N/A | AW11: =(VLOOKUP(A11,INPUT_RANGE,54,FALSE)/VLOOKUP(A11,INPUT_RANGE,52,FALSE)) -> #N/A | AX11: =((VLOOKUP(A11,INPUT_RANGE,54,FALSE)+VLOOKUP(A11,INPUT_RANGE,60,FALSE)+VLOOKUP(A11,INPUT_RANGE,59,FALSE))/(VLOOKUP(A11,INPUT_RANGE,52,FALSE)+VLOOKUP(A11,INPUT_RANGE,60,FALSE)+VLOOKUP(A11,INPUT_RANGE,59,FALSE)+VLOOKUP(A11,INPUT_RANGE,63,FALSE))) -> #N/A | AY11: =(VLOOKUP(A11,INPUT_RANGE,54)+VLOOKUP(A11,INPUT_RANGE,55)+(VLOOKUP(A11,INPUT_RANGE,56)*2)+(VLOOKUP(A11,INPUT_RANGE,57)*3))/(VLOOKUP(A11,INPUT_RANGE,52)) -> 0.44444444 | AZ11: =AX11+AY11 -> #N/A | BA11: =TEXT(AZ11,".000") & " OPS" -> #N/A | BB11: =VLOOKUP(A11,INPUT_RANGE,78,FALSE) -> #N/A | BC11: =VLOOKUP(A11,INPUT_RANGE,77,FALSE) -> #N/A | BD11: =VLOOKUP(A11,INPUT_RANGE,75,FALSE) & "-" & VLOOKUP(A11,INPUT_RANGE,76,FALSE) -> #N/A | BE11: =AU11 -> #N/A | BF11: =AA11 -> #N/A | BG11: =VLOOKUP(A11,INPUT_RANGE,86,FALSE) -> #N/A | BH11: =VLOOKUP(A11,INPUT_RANGE,87,FALSE) -> #N/A | BI11: =VLOOKUP(A11,INPUT_RANGE,81,FALSE) & " SAVES" -> #N/A | BJ11: =VLOOKUP(A11,INPUT_RANGE,81,FALSE) -> #N/A | BK11: =VLOOKUP(A11,INPUT_RANGE,83,FALSE) -> #N/A | BL11: =VLOOKUP(A11,INPUT_RANGE,87,FALSE) & "/" & VLOOKUP(A11,INPUT_RANGE,86,FALSE) -> #N/A | BM11: =ROUND((VLOOKUP(A11,INPUT_RANGE,86,FALSE)+VLOOKUP(A11,INPUT_RANGE,83,FALSE))/AS11,2) -> #N/A
A12: 11 | B12: 11 | C12: =Roster!$X14 -> - - | D12: =BA12 -> #N/A | F12: =M12 -> #N/A | H12: =T12 -> #N/A | J12: =N12 -> #N/A | M12: =TEXT(AW12,".000") & " BA" -> #N/A | N12: =VLOOKUP(A12,INPUT_RANGE,58,FALSE) & " RBI" -> #N/A | O12: =VLOOKUP(A12,INPUT_RANGE,60,FALSE) & " BB" -> #N/A | P12: =VLOOKUP(A12,INPUT_RANGE,61,FALSE) & " K" -> #N/A | Q12: =VLOOKUP(A12,INPUT_RANGE,64,FALSE) & " SB" -> #N/A | R12: =VLOOKUP(A12,INPUT_RANGE,55,FALSE) & " 2B" -> #N/A | S12: =VLOOKUP(A12,INPUT_RANGE,56,FALSE) & " 3B" -> #N/A | T12: =VLOOKUP(A12,INPUT_RANGE,57,FALSE) & " HR" -> #N/A | U12: =VLOOKUP(A12,INPUT_RANGE,53,FALSE) & " R" -> #N/A | V12: =TEXT(AX12, ".000") & " OBP" -> #N/A | X12: =VLOOKUP(A12,INPUT_RANGE,77,FALSE)&" games" -> #N/A | Y12: =VLOOKUP(A12,INPUT_RANGE,78,FALSE) & " starts" -> #N/A | Z12: =VLOOKUP(A12,INPUT_RANGE,82,FALSE) & " IP" -> #N/A | AA12: =TRUNC(VLOOKUP(A12,INPUT_RANGE,82,FALSE)) & IF(AR12=0.333,"º",IF(AR12=0.666,"»","")) -> #N/A | AB12: =AA12& " IP" -> #N/A | AC12: =VLOOKUP(A12,INPUT_RANGE,79,FALSE) & " CG" -> #N/A | AD12: =VLOOKUP(A12,INPUT_RANGE,80,FALSE) & " SHO" -> #N/A | AE12: =VLOOKUP(A12,INPUT_RANGE,75,FALSE) & " Win" -> #N/A | AF12: =VLOOKUP(A12,INPUT_RANGE,76,FALSE) & " Loss" -> #N/A | AG12: =VLOOKUP(A12,INPUT_RANGE,75,FALSE) & "-" & VLOOKUP(A12,INPUT_RANGE,76,FALSE) & " W-L" -> #N/A | AH12: =VLOOKUP(A12,INPUT_RANGE,81,FALSE)& " Saves" -> #N/A | AI12: =VLOOKUP(A12,INPUT_RANGE,83,FALSE) & " H" -> #N/A | AJ12: =VLOOKUP(A12,INPUT_RANGE,84,FALSE) & " R" -> #N/A | AK12: =VLOOKUP(A12,INPUT_RANGE,85,FALSE) &" ER" -> #N/A | AL12: =VLOOKUP(A12,INPUT_RANGE,88,FALSE) &" HR" -> #N/A | AM12: =VLOOKUP(A12,INPUT_RANGE,87,FALSE) & " K" -> #N/A | AN12: =VLOOKUP(A12,INPUT_RANGE,86,FALSE) & " BB" -> #N/A | AO12: =TEXT(AU12,"0.00") & " ERA" -> #N/A | AP12: =TEXT(AT12,"0.00") & " WHIP" -> #N/A | AQ12: =IF(LEFT(RIGHT((VLOOKUP(A12,INPUT_RANGE,82,FALSE)),2),1)=".",RIGHT(VLOOKUP(A12,INPUT_RANGE,82,FALSE),1), "X") -> #N/A | AR12: =IF(AQ12 ="1",0.333,IF(AQ12="2",0.666,0)) -> #N/A | AS12: =VLOOKUP(A12,INPUT_RANGE,82,FALSE)-(AQ12*0.1)+AR12 -> #N/A | AT12: =ROUND((VLOOKUP(A12,INPUT_RANGE,86,FALSE)+VLOOKUP(A12,INPUT_RANGE,83,FALSE))/AS12,2) -> #N/A | AU12: =ROUND((VLOOKUP(A12,INPUT_RANGE,85,FALSE)/AS12)*('Team Info'!$H$25),2) -> #N/A | AW12: =(VLOOKUP(A12,INPUT_RANGE,54,FALSE)/VLOOKUP(A12,INPUT_RANGE,52,FALSE)) -> #N/A | AX12: =((VLOOKUP(A12,INPUT_RANGE,54,FALSE)+VLOOKUP(A12,INPUT_RANGE,60,FALSE)+VLOOKUP(A12,INPUT_RANGE,59,FALSE))/(VLOOKUP(A12,INPUT_RANGE,52,FALSE)+VLOOKUP(A12,INPUT_RANGE,60,FALSE)+VLOOKUP(A12,INPUT_RANGE,59,FALSE)+VLOOKUP(A12,INPUT_RANGE,63,FALSE))) -> #N/A | AY12: =(VLOOKUP(A12,INPUT_RANGE,54)+VLOOKUP(A12,INPUT_RANGE,55)+(VLOOKUP(A12,INPUT_RANGE,56)*2)+(VLOOKUP(A12,INPUT_RANGE,57)*3))/(VLOOKUP(A12,INPUT_RANGE,52)) -> 0.44444444 | AZ12: =AX12+AY12 -> #N/A | BA12: =TEXT(AZ12,".000") & " OPS" -> #N/A | BB12: =VLOOKUP(A12,INPUT_RANGE,78,FALSE) -> #N/A | BC12: =VLOOKUP(A12,INPUT_RANGE,77,FALSE) -> #N/A | BD12: =VLOOKUP(A12,INPUT_RANGE,75,FALSE) & "-" & VLOOKUP(A12,INPUT_RANGE,76,FALSE) -> #N/A | BE12: =AU12 -> #N/A | BF12: =AA12 -> #N/A | BG12: =VLOOKUP(A12,INPUT_RANGE,86,FALSE) -> #N/A | BH12: =VLOOKUP(A12,INPUT_RANGE,87,FALSE) -> #N/A | BI12: =VLOOKUP(A12,INPUT_RANGE,81,FALSE) & " SAVES" -> #N/A | BJ12: =VLOOKUP(A12,INPUT_RANGE,81,FALSE) -> #N/A | BK12: =VLOOKUP(A12,INPUT_RANGE,83,FALSE) -> #N/A | BL12: =VLOOKUP(A12,INPUT_RANGE,87,FALSE) & "/" & VLOOKUP(A12,INPUT_RANGE,86,FALSE) -> #N/A | BM12: =ROUND((VLOOKUP(A12,INPUT_RANGE,86,FALSE)+VLOOKUP(A12,INPUT_RANGE,83,FALSE))/AS12,2) -> #N/A
A13: 12 | B13: 12 | C13: =Roster!$X15 -> - - | D13: =BA13 -> #N/A | F13: =M13 -> #N/A | H13: =T13 -> #N/A | J13: =N13 -> #N/A | M13: =TEXT(AW13,".000") & " BA" -> #N/A | N13: =VLOOKUP(A13,INPUT_RANGE,58,FALSE) & " RBI" -> #N/A | O13: =VLOOKUP(A13,INPUT_RANGE,60,FALSE) & " BB" -> #N/A | P13: =VLOOKUP(A13,INPUT_RANGE,61,FALSE) & " K" -> #N/A | Q13: =VLOOKUP(A13,INPUT_RANGE,64,FALSE) & " SB" -> #N/A | R13: =VLOOKUP(A13,INPUT_RANGE,55,FALSE) & " 2B" -> #N/A | S13: =VLOOKUP(A13,INPUT_RANGE,56,FALSE) & " 3B" -> #N/A | T13: =VLOOKUP(A13,INPUT_RANGE,57,FALSE) & " HR" -> #N/A | U13: =VLOOKUP(A13,INPUT_RANGE,53,FALSE) & " R" -> #N/A | V13: =TEXT(AX13, ".000") & " OBP" -> #N/A | X13: =VLOOKUP(A13,INPUT_RANGE,77,FALSE)&" games" -> #N/A | Y13: =VLOOKUP(A13,INPUT_RANGE,78,FALSE) & " starts" -> #N/A | Z13: =VLOOKUP(A13,INPUT_RANGE,82,FALSE) & " IP" -> #N/A | AA13: =TRUNC(VLOOKUP(A13,INPUT_RANGE,82,FALSE)) & IF(AR13=0.333,"º",IF(AR13=0.666,"»","")) -> #N/A | AB13: =AA13& " IP" -> #N/A | AC13: =VLOOKUP(A13,INPUT_RANGE,79,FALSE) & " CG" -> #N/A | AD13: =VLOOKUP(A13,INPUT_RANGE,80,FALSE) & " SHO" -> #N/A | AE13: =VLOOKUP(A13,INPUT_RANGE,75,FALSE) & " Win" -> #N/A | AF13: =VLOOKUP(A13,INPUT_RANGE,76,FALSE) & " Loss" -> #N/A | AG13: =VLOOKUP(A13,INPUT_RANGE,75,FALSE) & "-" & VLOOKUP(A13,INPUT_RANGE,76,FALSE) & " W-L" -> #N/A | AH13: =VLOOKUP(A13,INPUT_RANGE,81,FALSE)& " Saves" -> #N/A | AI13: =VLOOKUP(A13,INPUT_RANGE,83,FALSE) & " H" -> #N/A | AJ13: =VLOOKUP(A13,INPUT_RANGE,84,FALSE) & " R" -> #N/A | AK13: =VLOOKUP(A13,INPUT_RANGE,85,FALSE) &" ER" -> #N/A | AL13: =VLOOKUP(A13,INPUT_RANGE,88,FALSE) &" HR" -> #N/A | AM13: =VLOOKUP(A13,INPUT_RANGE,87,FALSE) & " K" -> #N/A | AN13: =VLOOKUP(A13,INPUT_RANGE,86,FALSE) & " BB" -> #N/A | AO13: =TEXT(AU13,"0.00") & " ERA" -> #N/A | AP13: =TEXT(AT13,"0.00") & " WHIP" -> #N/A | AQ13: =IF(LEFT(RIGHT((VLOOKUP(A13,INPUT_RANGE,82,FALSE)),2),1)=".",RIGHT(VLOOKUP(A13,INPUT_RANGE,82,FALSE),1), "X") -> #N/A | AR13: =IF(AQ13 ="1",0.333,IF(AQ13="2",0.666,0)) -> #N/A | AS13: =VLOOKUP(A13,INPUT_RANGE,82,FALSE)-(AQ13*0.1)+AR13 -> #N/A | AT13: =ROUND((VLOOKUP(A13,INPUT_RANGE,86,FALSE)+VLOOKUP(A13,INPUT_RANGE,83,FALSE))/AS13,2) -> #N/A | AU13: =ROUND((VLOOKUP(A13,INPUT_RANGE,85,FALSE)/AS13)*('Team Info'!$H$25),2) -> #N/A | AW13: =(VLOOKUP(A13,INPUT_RANGE,54,FALSE)/VLOOKUP(A13,INPUT_RANGE,52,FALSE)) -> #N/A | AX13: =((VLOOKUP(A13,INPUT_RANGE,54,FALSE)+VLOOKUP(A13,INPUT_RANGE,60,FALSE)+VLOOKUP(A13,INPUT_RANGE,59,FALSE))/(VLOOKUP(A13,INPUT_RANGE,52,FALSE)+VLOOKUP(A13,INPUT_RANGE,60,FALSE)+VLOOKUP(A13,INPUT_RANGE,59,FALSE)+VLOOKUP(A13,INPUT_RANGE,63,FALSE))) -> #N/A | AY13: =(VLOOKUP(A13,INPUT_RANGE,54)+VLOOKUP(A13,INPUT_RANGE,55)+(VLOOKUP(A13,INPUT_RANGE,56)*2)+(VLOOKUP(A13,INPUT_RANGE,57)*3))/(VLOOKUP(A13,INPUT_RANGE,52)) -> 0.44444444 | AZ13: =AX13+AY13 -> #N/A | BA13: =TEXT(AZ13,".000") & " OPS" -> #N/A | BB13: =VLOOKUP(A13,INPUT_RANGE,78,FALSE) -> #N/A | BC13: =VLOOKUP(A13,INPUT_RANGE,77,FALSE) -> #N/A | BD13: =VLOOKUP(A13,INPUT_RANGE,75,FALSE) & "-" & VLOOKUP(A13,INPUT_RANGE,76,FALSE) -> #N/A | BE13: =AU13 -> #N/A | BF13: =AA13 -> #N/A | BG13: =VLOOKUP(A13,INPUT_RANGE,86,FALSE) -> #N/A | BH13: =VLOOKUP(A13,INPUT_RANGE,87,FALSE) -> #N/A | BI13: =VLOOKUP(A13,INPUT_RANGE,81,FALSE) & " SAVES" -> #N/A | BJ13: =VLOOKUP(A13,INPUT_RANGE,81,FALSE) -> #N/A | BK13: =VLOOKUP(A13,INPUT_RANGE,83,FALSE) -> #N/A | BL13: =VLOOKUP(A13,INPUT_RANGE,87,FALSE) & "/" & VLOOKUP(A13,INPUT_RANGE,86,FALSE) -> #N/A | BM13: =ROUND((VLOOKUP(A13,INPUT_RANGE,86,FALSE)+VLOOKUP(A13,INPUT_RANGE,83,FALSE))/AS13,2) -> #N/A
A14: 13 | B14: 13 | C14: =Roster!$X16 -> - - | D14: =BA14 -> #N/A | F14: =M14 -> #N/A | H14: =T14 -> #N/A | J14: =N14 -> #N/A | M14: =TEXT(AW14,".000") & " BA" -> #N/A | N14: =VLOOKUP(A14,INPUT_RANGE,58,FALSE) & " RBI" -> #N/A | O14: =VLOOKUP(A14,INPUT_RANGE,60,FALSE) & " BB" -> #N/A | P14: =VLOOKUP(A14,INPUT_RANGE,61,FALSE) & " K" -> #N/A | Q14: =VLOOKUP(A14,INPUT_RANGE,64,FALSE) & " SB" -> #N/A | R14: =VLOOKUP(A14,INPUT_RANGE,55,FALSE) & " 2B" -> #N/A | S14: =VLOOKUP(A14,INPUT_RANGE,56,FALSE) & " 3B" -> #N/A | T14: =VLOOKUP(A14,INPUT_RANGE,57,FALSE) & " HR" -> #N/A | U14: =VLOOKUP(A14,INPUT_RANGE,53,FALSE) & " R" -> #N/A | V14: =TEXT(AX14, ".000") & " OBP" -> #N/A | X14: =VLOOKUP(A14,INPUT_RANGE,77,FALSE)&" games" -> #N/A | Y14: =VLOOKUP(A14,INPUT_RANGE,78,FALSE) & " starts" -> #N/A | Z14: =VLOOKUP(A14,INPUT_RANGE,82,FALSE) & " IP" -> #N/A | AA14: =TRUNC(VLOOKUP(A14,INPUT_RANGE,82,FALSE)) & IF(AR14=0.333,"º",IF(AR14=0.666,"»","")) -> #N/A | AB14: =AA14& " IP" -> #N/A | AC14: =VLOOKUP(A14,INPUT_RANGE,79,FALSE) & " CG" -> #N/A | AD14: =VLOOKUP(A14,INPUT_RANGE,80,FALSE) & " SHO" -> #N/A | AE14: =VLOOKUP(A14,INPUT_RANGE,75,FALSE) & " Win" -> #N/A | AF14: =VLOOKUP(A14,INPUT_RANGE,76,FALSE) & " Loss" -> #N/A | AG14: =VLOOKUP(A14,INPUT_RANGE,75,FALSE) & "-" & VLOOKUP(A14,INPUT_RANGE,76,FALSE) & " W-L" -> #N/A | AH14: =VLOOKUP(A14,INPUT_RANGE,81,FALSE)& " Saves" -> #N/A | AI14: =VLOOKUP(A14,INPUT_RANGE,83,FALSE) & " H" -> #N/A | AJ14: =VLOOKUP(A14,INPUT_RANGE,84,FALSE) & " R" -> #N/A | AK14: =VLOOKUP(A14,INPUT_RANGE,85,FALSE) &" ER" -> #N/A | AL14: =VLOOKUP(A14,INPUT_RANGE,88,FALSE) &" HR" -> #N/A | AM14: =VLOOKUP(A14,INPUT_RANGE,87,FALSE) & " K" -> #N/A | AN14: =VLOOKUP(A14,INPUT_RANGE,86,FALSE) & " BB" -> #N/A | AO14: =TEXT(AU14,"0.00") & " ERA" -> #N/A | AP14: =TEXT(AT14,"0.00") & " WHIP" -> #N/A | AQ14: =IF(LEFT(RIGHT((VLOOKUP(A14,INPUT_RANGE,82,FALSE)),2),1)=".",RIGHT(VLOOKUP(A14,INPUT_RANGE,82,FALSE),1), "X") -> #N/A | AR14: =IF(AQ14 ="1",0.333,IF(AQ14="2",0.666,0)) -> #N/A | AS14: =VLOOKUP(A14,INPUT_RANGE,82,FALSE)-(AQ14*0.1)+AR14 -> #N/A | AT14: =ROUND((VLOOKUP(A14,INPUT_RANGE,86,FALSE)+VLOOKUP(A14,INPUT_RANGE,83,FALSE))/AS14,2) -> #N/A | AU14: =ROUND((VLOOKUP(A14,INPUT_RANGE,85,FALSE)/AS14)*('Team Info'!$H$25),2) -> #N/A | AW14: =(VLOOKUP(A14,INPUT_RANGE,54,FALSE)/VLOOKUP(A14,INPUT_RANGE,52,FALSE)) -> #N/A | AX14: =((VLOOKUP(A14,INPUT_RANGE,54,FALSE)+VLOOKUP(A14,INPUT_RANGE,60,FALSE)+VLOOKUP(A14,INPUT_RANGE,59,FALSE))/(VLOOKUP(A14,INPUT_RANGE,52,FALSE)+VLOOKUP(A14,INPUT_RANGE,60,FALSE)+VLOOKUP(A14,INPUT_RANGE,59,FALSE)+VLOOKUP(A14,INPUT_RANGE,63,FALSE))) -> #N/A | AY14: =(VLOOKUP(A14,INPUT_RANGE,54)+VLOOKUP(A14,INPUT_RANGE,55)+(VLOOKUP(A14,INPUT_RANGE,56)*2)+(VLOOKUP(A14,INPUT_RANGE,57)*3))/(VLOOKUP(A14,INPUT_RANGE,52)) -> 0.44444444 | AZ14: =AX14+AY14 -> #N/A | BA14: =TEXT(AZ14,".000") & " OPS" -> #N/A | BB14: =VLOOKUP(A14,INPUT_RANGE,78,FALSE) -> #N/A | BC14: =VLOOKUP(A14,INPUT_RANGE,77,FALSE) -> #N/A | BD14: =VLOOKUP(A14,INPUT_RANGE,75,FALSE) & "-" & VLOOKUP(A14,INPUT_RANGE,76,FALSE) -> #N/A | BE14: =AU14 -> #N/A | BF14: =AA14 -> #N/A | BG14: =VLOOKUP(A14,INPUT_RANGE,86,FALSE) -> #N/A | BH14: =VLOOKUP(A14,INPUT_RANGE,87,FALSE) -> #N/A | BI14: =VLOOKUP(A14,INPUT_RANGE,81,FALSE) & " SAVES" -> #N/A | BJ14: =VLOOKUP(A14,INPUT_RANGE,81,FALSE) -> #N/A | BK14: =VLOOKUP(A14,INPUT_RANGE,83,FALSE) -> #N/A | BL14: =VLOOKUP(A14,INPUT_RANGE,87,FALSE) & "/" & VLOOKUP(A14,INPUT_RANGE,86,FALSE) -> #N/A | BM14: =ROUND((VLOOKUP(A14,INPUT_RANGE,86,FALSE)+VLOOKUP(A14,INPUT_RANGE,83,FALSE))/AS14,2) -> #N/A
A15: 14 | B15: 14 | C15: =Roster!$X17 -> - - | D15: =BA15 -> #N/A | F15: =M15 -> #N/A | H15: =T15 -> #N/A | J15: =N15 -> #N/A | M15: =TEXT(AW15,".000") & " BA" -> #N/A | N15: =VLOOKUP(A15,INPUT_RANGE,58,FALSE) & " RBI" -> #N/A | O15: =VLOOKUP(A15,INPUT_RANGE,60,FALSE) & " BB" -> #N/A | P15: =VLOOKUP(A15,INPUT_RANGE,61,FALSE) & " K" -> #N/A | Q15: =VLOOKUP(A15,INPUT_RANGE,64,FALSE) & " SB" -> #N/A | R15: =VLOOKUP(A15,INPUT_RANGE,55,FALSE) & " 2B" -> #N/A | S15: =VLOOKUP(A15,INPUT_RANGE,56,FALSE) & " 3B" -> #N/A | T15: =VLOOKUP(A15,INPUT_RANGE,57,FALSE) & " HR" -> #N/A | U15: =VLOOKUP(A15,INPUT_RANGE,53,FALSE) & " R" -> #N/A | V15: =TEXT(AX15, ".000") & " OBP" -> #N/A | X15: =VLOOKUP(A15,INPUT_RANGE,77,FALSE)&" games" -> #N/A | Y15: =VLOOKUP(A15,INPUT_RANGE,78,FALSE) & " starts" -> #N/A | Z15: =VLOOKUP(A15,INPUT_RANGE,82,FALSE) & " IP" -> #N/A | AA15: =TRUNC(VLOOKUP(A15,INPUT_RANGE,82,FALSE)) & IF(AR15=0.333,"º",IF(AR15=0.666,"»","")) -> #N/A | AB15: =AA15& " IP" -> #N/A | AC15: =VLOOKUP(A15,INPUT_RANGE,79,FALSE) & " CG" -> #N/A | AD15: =VLOOKUP(A15,INPUT_RANGE,80,FALSE) & " SHO" -> #N/A | AE15: =VLOOKUP(A15,INPUT_RANGE,75,FALSE) & " Win" -> #N/A | AF15: =VLOOKUP(A15,INPUT_RANGE,76,FALSE) & " Loss" -> #N/A | AG15: =VLOOKUP(A15,INPUT_RANGE,75,FALSE) & "-" & VLOOKUP(A15,INPUT_RANGE,76,FALSE) & " W-L" -> #N/A | AH15: =VLOOKUP(A15,INPUT_RANGE,81,FALSE)& " Saves" -> #N/A | AI15: =VLOOKUP(A15,INPUT_RANGE,83,FALSE) & " H" -> #N/A | AJ15: =VLOOKUP(A15,INPUT_RANGE,84,FALSE) & " R" -> #N/A | AK15: =VLOOKUP(A15,INPUT_RANGE,85,FALSE) &" ER" -> #N/A | AL15: =VLOOKUP(A15,INPUT_RANGE,88,FALSE) &" HR" -> #N/A | AM15: =VLOOKUP(A15,INPUT_RANGE,87,FALSE) & " K" -> #N/A | AN15: =VLOOKUP(A15,INPUT_RANGE,86,FALSE) & " BB" -> #N/A | AO15: =TEXT(AU15,"0.00") & " ERA" -> #N/A | AP15: =TEXT(AT15,"0.00") & " WHIP" -> #N/A | AQ15: =IF(LEFT(RIGHT((VLOOKUP(A15,INPUT_RANGE,82,FALSE)),2),1)=".",RIGHT(VLOOKUP(A15,INPUT_RANGE,82,FALSE),1), "X") -> #N/A | AR15: =IF(AQ15 ="1",0.333,IF(AQ15="2",0.666,0)) -> #N/A | AS15: =VLOOKUP(A15,INPUT_RANGE,82,FALSE)-(AQ15*0.1)+AR15 -> #N/A | AT15: =ROUND((VLOOKUP(A15,INPUT_RANGE,86,FALSE)+VLOOKUP(A15,INPUT_RANGE,83,FALSE))/AS15,2) -> #N/A | AU15: =ROUND((VLOOKUP(A15,INPUT_RANGE,85,FALSE)/AS15)*('Team Info'!$H$25),2) -> #N/A | AW15: =(VLOOKUP(A15,INPUT_RANGE,54,FALSE)/VLOOKUP(A15,INPUT_RANGE,52,FALSE)) -> #N/A | AX15: =((VLOOKUP(A15,INPUT_RANGE,54,FALSE)+VLOOKUP(A15,INPUT_RANGE,60,FALSE)+VLOOKUP(A15,INPUT_RANGE,59,FALSE))/(VLOOKUP(A15,INPUT_RANGE,52,FALSE)+VLOOKUP(A15,INPUT_RANGE,60,FALSE)+VLOOKUP(A15,INPUT_RANGE,59,FALSE)+VLOOKUP(A15,INPUT_RANGE,63,FALSE))) -> #N/A | AY15: =(VLOOKUP(A15,INPUT_RANGE,54)+VLOOKUP(A15,INPUT_RANGE,55)+(VLOOKUP(A15,INPUT_RANGE,56)*2)+(VLOOKUP(A15,INPUT_RANGE,57)*3))/(VLOOKUP(A15,INPUT_RANGE,52)) -> 0.44444444 | AZ15: =AX15+AY15 -> #N/A | BA15: =TEXT(AZ15,".000") & " OPS" -> #N/A | BB15: =VLOOKUP(A15,INPUT_RANGE,78,FALSE) -> #N/A | BC15: =VLOOKUP(A15,INPUT_RANGE,77,FALSE) -> #N/A | BD15: =VLOOKUP(A15,INPUT_RANGE,75,FALSE) & "-" & VLOOKUP(A15,INPUT_RANGE,76,FALSE) -> #N/A | BE15: =AU15 -> #N/A | BF15: =AA15 -> #N/A | BG15: =VLOOKUP(A15,INPUT_RANGE,86,FALSE) -> #N/A | BH15: =VLOOKUP(A15,INPUT_RANGE,87,FALSE) -> #N/A | BI15: =VLOOKUP(A15,INPUT_RANGE,81,FALSE) & " SAVES" -> #N/A | BJ15: =VLOOKUP(A15,INPUT_RANGE,81,FALSE) -> #N/A | BK15: =VLOOKUP(A15,INPUT_RANGE,83,FALSE) -> #N/A | BL15: =VLOOKUP(A15,INPUT_RANGE,87,FALSE) & "/" & VLOOKUP(A15,INPUT_RANGE,86,FALSE) -> #N/A | BM15: =ROUND((VLOOKUP(A15,INPUT_RANGE,86,FALSE)+VLOOKUP(A15,INPUT_RANGE,83,FALSE))/AS15,2) -> #N/A
... A90: 89 | B90: 89 | C90: =Roster!$X92 -> - - | D90: =BA90 -> #N/A | F90: =M90 -> #N/A | H90: =T90 -> #N/A | J90: =N90 -> #N/A | M90: =TEXT(AW90,".000") & " BA" -> #N/A | N90: =VLOOKUP(A90,INPUT_RANGE,58,FALSE) & " RBI" -> #N/A | O90: =VLOOKUP(A90,INPUT_RANGE,60,FALSE) & " BB" -> #N/A | P90: =VLOOKUP(A90,INPUT_RANGE,61,FALSE) & " K" -> #N/A | Q90: =VLOOKUP(A90,INPUT_RANGE,64,FALSE) & " SB" -> #N/A | R90: =VLOOKUP(A90,INPUT_RANGE,55,FALSE) & " 2B" -> #N/A | S90: =VLOOKUP(A90,INPUT_RANGE,56,FALSE) & " 3B" -> #N/A | T90: =VLOOKUP(A90,INPUT_RANGE,57,FALSE) & " HR" -> #N/A | U90: =VLOOKUP(A90,INPUT_RANGE,53,FALSE) & " R" -> #N/A | V90: =TEXT(AX90, ".000") & " OBP" -> #N/A | X90: =VLOOKUP(A90,INPUT_RANGE,77,FALSE)&" games" -> #N/A | Y90: =VLOOKUP(A90,INPUT_RANGE,78,FALSE) & " starts" -> #N/A | Z90: =VLOOKUP(A90,INPUT_RANGE,82,FALSE) & " IP" -> #N/A | AA90: =TRUNC(VLOOKUP(A90,INPUT_RANGE,82,FALSE)) & IF(AR90=0.333,"º",IF(AR90=0.666,"»","")) -> #N/A | AB90: =AA90& " IP" -> #N/A | AC90: =VLOOKUP(A90,INPUT_RANGE,79,FALSE) & " CG" -> #N/A | AD90: =VLOOKUP(A90,INPUT_RANGE,80,FALSE) & " SHO" -> #N/A | AE90: =VLOOKUP(A90,INPUT_RANGE,75,FALSE) & " Win" -> #N/A | AF90: =VLOOKUP(A90,INPUT_RANGE,76,FALSE) & " Loss" -> #N/A | AG90: =VLOOKUP(A90,INPUT_RANGE,75,FALSE) & "-" & VLOOKUP(A90,INPUT_RANGE,76,FALSE) & " W-L" -> #N/A | AH90: =VLOOKUP(A90,INPUT_RANGE,81,FALSE)& " Saves" -> #N/A | AI90: =VLOOKUP(A90,INPUT_RANGE,83,FALSE) & " H" -> #N/A | AJ90: =VLOOKUP(A90,INPUT_RANGE,84,FALSE) & " R" -> #N/A | AK90: =VLOOKUP(A90,INPUT_RANGE,85,FALSE) &" ER" -> #N/A | AL90: =VLOOKUP(A90,INPUT_RANGE,88,FALSE) &" HR" -> #N/A | AM90: =VLOOKUP(A90,INPUT_RANGE,87,FALSE) & " K" -> #N/A | AN90: =VLOOKUP(A90,INPUT_RANGE,86,FALSE) & " BB" -> #N/A | AO90: =TEXT(AU90,"0.00") & " ERA" -> #N/A | AP90: =TEXT(AT90,"0.00") & " WHIP" -> #N/A | AQ90: =IF(LEFT(RIGHT((VLOOKUP(A90,INPUT_RANGE,82,FALSE)),2),1)=".",RIGHT(VLOOKUP(A90,INPUT_RANGE,82,FALSE),1), "X") -> #N/A | AR90: =IF(AQ90 ="1",0.333,IF(AQ90="2",0.666,0)) -> #N/A | AS90: =VLOOKUP(A90,INPUT_RANGE,82,FALSE)-(AQ90*0.1)+AR90 -> #N/A | AT90: =ROUND((VLOOKUP(A90,INPUT_RANGE,86,FALSE)+VLOOKUP(A90,INPUT_RANGE,83,FALSE))/AS90,2) -> #N/A | AU90: =ROUND((VLOOKUP(A90,INPUT_RANGE,85,FALSE)/AS90)*('Team Info'!$H$25),2) -> #N/A | AW90: =(VLOOKUP(A90,INPUT_RANGE,54,FALSE)/VLOOKUP(A90,INPUT_RANGE,52,FALSE)) -> #N/A | AX90: =((VLOOKUP(A90,INPUT_RANGE,54,FALSE)+VLOOKUP(A90,INPUT_RANGE,60,FALSE)+VLOOKUP(A90,INPUT_RANGE,59,FALSE))/(VLOOKUP(A90,INPUT_RANGE,52,FALSE)+VLOOKUP(A90,INPUT_RANGE,60,FALSE)+VLOOKUP(A90,INPUT_RANGE,59,FALSE)+VLOOKUP(A90,INPUT_RANGE,63,FALSE))) -> #N/A | AY90: =(VLOOKUP(A90,INPUT_RANGE,54)+VLOOKUP(A90,INPUT_RANGE,55)+(VLOOKUP(A90,INPUT_RANGE,56)*2)+(VLOOKUP(A90,INPUT_RANGE,57)*3))/(VLOOKUP(A90,INPUT_RANGE,52)) -> 0.44444444 | AZ90: =AX90+AY90 -> #N/A | BA90: =TEXT(AZ90,".000") & " OPS" -> #N/A | BB90: =VLOOKUP(A90,INPUT_RANGE,78,FALSE) -> #N/A | BC90: =VLOOKUP(A90,INPUT_RANGE,77,FALSE) -> #N/A | BD90: =VLOOKUP(A90,INPUT_RANGE,75,FALSE) & "-" & VLOOKUP(A90,INPUT_RANGE,76,FALSE) -> #N/A | BE90: =AU90 -> #N/A | BF90: =AA90 -> #N/A | BG90: =VLOOKUP(A90,INPUT_RANGE,86,FALSE) -> #N/A | BH90: =VLOOKUP(A90,INPUT_RANGE,87,FALSE) -> #N/A | BI90: =VLOOKUP(A90,INPUT_RANGE,81,FALSE) & " SAVES" -> #N/A | BJ90: =VLOOKUP(A90,INPUT_RANGE,81,FALSE) -> #N/A | BK90: =VLOOKUP(A90,INPUT_RANGE,83,FALSE) -> #N/A | BL90: =VLOOKUP(A90,INPUT_RANGE,87,FALSE) & "/" & VLOOKUP(A90,INPUT_RANGE,86,FALSE) -> #N/A | BM90: =ROUND((VLOOKUP(A90,INPUT_RANGE,86,FALSE)+VLOOKUP(A90,INPUT_RANGE,83,FALSE))/AS90,2) -> #N/A
A91: 90 | B91: 0 | C91: =C104 -> - - | D91: =BA100 -> #N/A | E91: =E$104 -> 0 | F91: =F$104 -> #N/A | G91: =G$104 -> 0 | H91: =H$104 -> #N/A | I91: =I$104 -> 0 | J91: =J$104 -> #N/A | L91: =L$104 -> 0 | M91: =TEXT(AW91,".000") & " BA" -> #N/A | N91: =VLOOKUP(A91,INPUT_RANGE,58,FALSE) & " RBI" -> #N/A | O91: =VLOOKUP(A91,INPUT_RANGE,60,FALSE) & " BB" -> #N/A | P91: =VLOOKUP(A91,INPUT_RANGE,61,FALSE) & " K" -> #N/A | Q91: =VLOOKUP(A91,INPUT_RANGE,64,FALSE) & " SB" -> #N/A | R91: =VLOOKUP(A91,INPUT_RANGE,55,FALSE) & " 2B" -> #N/A | S91: =VLOOKUP(A91,INPUT_RANGE,56,FALSE) & " 3B" -> #N/A | T91: =VLOOKUP(A91,INPUT_RANGE,57,FALSE) & " HR" -> #N/A | U91: =VLOOKUP(A91,INPUT_RANGE,53,FALSE) & " R" -> #N/A | V91: =TEXT(AX91, ".000") & " OBP" -> #N/A | X91: =VLOOKUP(A91,INPUT_RANGE,77,FALSE)&" games" -> #N/A | Y91: =VLOOKUP(A91,INPUT_RANGE,78,FALSE) & " starts" -> #N/A | Z91: =VLOOKUP(A91,INPUT_RANGE,82,FALSE) & " IP" -> #N/A | AA91: =TRUNC(VLOOKUP(A91,INPUT_RANGE,82,FALSE)) & IF(AR91=0.333,"º",IF(AR91=0.666,"»","")) -> #N/A | AB91: =AA91& " IP" -> #N/A | AC91: =VLOOKUP(A91,INPUT_RANGE,79,FALSE) & " CG" -> #N/A | AD91: =VLOOKUP(A91,INPUT_RANGE,80,FALSE) & " SHO" -> #N/A | AE91: =VLOOKUP(A91,INPUT_RANGE,75,FALSE) & " Win" -> #N/A | AF91: =VLOOKUP(A91,INPUT_RANGE,76,FALSE) & " Loss" -> #N/A | AG91: =VLOOKUP(A91,INPUT_RANGE,75,FALSE) & "-" & VLOOKUP(A91,INPUT_RANGE,76,FALSE) & " W-L" -> #N/A | AH91: =VLOOKUP(A91,INPUT_RANGE,81,FALSE)& " Saves" -> #N/A | AI91: =VLOOKUP(A91,INPUT_RANGE,83,FALSE) & " H" -> #N/A | AJ91: =VLOOKUP(A91,INPUT_RANGE,84,FALSE) & " R" -> #N/A | AK91: =VLOOKUP(A91,INPUT_RANGE,85,FALSE) &" ER" -> #N/A | AL91: =VLOOKUP(A91,INPUT_RANGE,88,FALSE) &" HR" -> #N/A | AM91: =VLOOKUP(A91,INPUT_RANGE,87,FALSE) & " K" -> #N/A | AN91: =VLOOKUP(A91,INPUT_RANGE,86,FALSE) & " BB" -> #N/A | AO91: =TEXT(AU91,"0.00") & " ERA" -> #N/A | AP91: =TEXT(AT91,"0.00") & " WHIP" -> #N/A | AQ91: =AQ$104 -> #N/A | AR91: =AR$104 -> #N/A | AS91: =AS$104 -> #N/A | AT91: =ROUND((VLOOKUP(A91,INPUT_RANGE,86,FALSE)+VLOOKUP(A91,INPUT_RANGE,83,FALSE))/AS91,2) -> #N/A | AU91: =ROUND((VLOOKUP(A91,INPUT_RANGE,85,FALSE)/AS91)*('Team Info'!$H$25),2) -> #N/A | AW91: =AW$104 -> #N/A | AX91: =AX$104 -> #N/A | AY91: =AY100 -> 0.44444444 | AZ91: =AX91+AY91 -> #N/A | BA91: =TEXT(AZ91,".000") & " OPS" -> #N/A | BB91: =BB104 -> #N/A | BC91: =BC104 -> #N/A | BD91: =BD104 -> #N/A | BE91: =BE104 -> #N/A | BF91: =BF104 -> #N/A | BG91: =BG104 -> #N/A | BH91: =BH104 -> #N/A | BI91: =BI104 -> #N/A | ... BL91: =BL104 -> #N/A | BM91: =ROUND((VLOOKUP(A91,INPUT_RANGE,86,FALSE)+VLOOKUP(A91,INPUT_RANGE,83,FALSE))/AS91,2) -> #N/A
A92: 91 | B92: 91 | C92: =Roster!$X94 -> - - | D92: =BA92 -> #N/A | F92: =M92 -> #N/A | H92: =T92 -> #N/A | J92: =N92 -> #N/A | M92: =TEXT(AW92,".000") & " BA" -> #N/A | N92: =VLOOKUP(A92,INPUT_RANGE,58,FALSE) & " RBI" -> #N/A | O92: =VLOOKUP(A92,INPUT_RANGE,60,FALSE) & " BB" -> #N/A | P92: =VLOOKUP(A92,INPUT_RANGE,61,FALSE) & " K" -> #N/A | Q92: =VLOOKUP(A92,INPUT_RANGE,64,FALSE) & " SB" -> #N/A | R92: =VLOOKUP(A92,INPUT_RANGE,55,FALSE) & " 2B" -> #N/A | S92: =VLOOKUP(A92,INPUT_RANGE,56,FALSE) & " 3B" -> #N/A | T92: =VLOOKUP(A92,INPUT_RANGE,57,FALSE) & " HR" -> #N/A | U92: =VLOOKUP(A92,INPUT_RANGE,53,FALSE) & " R" -> #N/A | V92: =TEXT(AX92, ".000") & " OBP" -> #N/A | X92: =VLOOKUP(A92,INPUT_RANGE,77,FALSE)&" games" -> #N/A | Y92: =VLOOKUP(A92,INPUT_RANGE,78,FALSE) & " starts" -> #N/A | Z92: =VLOOKUP(A92,INPUT_RANGE,82,FALSE) & " IP" -> #N/A | AA92: =TRUNC(VLOOKUP(A92,INPUT_RANGE,82,FALSE)) & IF(AR92=0.333,"º",IF(AR92=0.666,"»","")) -> #N/A | AB92: =AA92& " IP" -> #N/A | AC92: =VLOOKUP(A92,INPUT_RANGE,79,FALSE) & " CG" -> #N/A | AD92: =VLOOKUP(A92,INPUT_RANGE,80,FALSE) & " SHO" -> #N/A | AE92: =VLOOKUP(A92,INPUT_RANGE,75,FALSE) & " Win" -> #N/A | AF92: =VLOOKUP(A92,INPUT_RANGE,76,FALSE) & " Loss" -> #N/A | AG92: =VLOOKUP(A92,INPUT_RANGE,75,FALSE) & "-" & VLOOKUP(A92,INPUT_RANGE,76,FALSE) & " W-L" -> #N/A | AH92: =VLOOKUP(A92,INPUT_RANGE,81,FALSE)& " Saves" -> #N/A | AI92: =VLOOKUP(A92,INPUT_RANGE,83,FALSE) & " H" -> #N/A | AJ92: =VLOOKUP(A92,INPUT_RANGE,84,FALSE) & " R" -> #N/A | AK92: =VLOOKUP(A92,INPUT_RANGE,85,FALSE) &" ER" -> #N/A | AL92: =VLOOKUP(A92,INPUT_RANGE,88,FALSE) &" HR" -> #N/A | AM92: =VLOOKUP(A92,INPUT_RANGE,87,FALSE) & " K" -> #N/A | AN92: =VLOOKUP(A92,INPUT_RANGE,86,FALSE) & " BB" -> #N/A | AO92: =TEXT(AU92,"0.00") & " ERA" -> #N/A | AP92: =TEXT(AT92,"0.00") & " WHIP" -> #N/A | AQ92: =IF(LEFT(RIGHT((VLOOKUP(A92,INPUT_RANGE,82,FALSE)),2),1)=".",RIGHT(VLOOKUP(A92,INPUT_RANGE,82,FALSE),1), "X") -> #N/A | AR92: =IF(AQ92 ="1",0.333,IF(AQ92="2",0.666,0)) -> #N/A | AS92: =VLOOKUP(A92,INPUT_RANGE,82,FALSE)-(AQ92*0.1)+AR92 -> #N/A | AT92: =ROUND((VLOOKUP(A92,INPUT_RANGE,86,FALSE)+VLOOKUP(A92,INPUT_RANGE,83,FALSE))/AS92,2) -> #N/A | AU92: =ROUND((VLOOKUP(A92,INPUT_RANGE,85,FALSE)/AS92)*('Team Info'!$H$25),2) -> #N/A | AW92: =(VLOOKUP(A92,INPUT_RANGE,54,FALSE)/VLOOKUP(A92,INPUT_RANGE,52,FALSE)) -> #N/A | AX92: =((VLOOKUP(A92,INPUT_RANGE,54,FALSE)+VLOOKUP(A92,INPUT_RANGE,60,FALSE)+VLOOKUP(A92,INPUT_RANGE,59,FALSE))/(VLOOKUP(A92,INPUT_RANGE,52,FALSE)+VLOOKUP(A92,INPUT_RANGE,60,FALSE)+VLOOKUP(A92,INPUT_RANGE,59,FALSE)+VLOOKUP(A92,INPUT_RANGE,63,FALSE))) -> #N/A | AY92: =(VLOOKUP(A92,INPUT_RANGE,54)+VLOOKUP(A92,INPUT_RANGE,55)+(VLOOKUP(A92,INPUT_RANGE,56)*2)+(VLOOKUP(A92,INPUT_RANGE,57)*3))/(VLOOKUP(A92,INPUT_RANGE,52)) -> 0.44444444 | AZ92: =AX92+AY92 -> #N/A | BA92: =TEXT(AZ92,".000") & " OPS" -> #N/A | BB92: =VLOOKUP(A92,INPUT_RANGE,78,FALSE) -> #N/A | BC92: =VLOOKUP(A92,INPUT_RANGE,77,FALSE) -> #N/A | BD92: =VLOOKUP(A92,INPUT_RANGE,75,FALSE) & "-" & VLOOKUP(A92,INPUT_RANGE,76,FALSE) -> #N/A | BE92: =AU92 -> #N/A | BF92: =AA92 -> #N/A | BG92: =VLOOKUP(A92,INPUT_RANGE,86,FALSE) -> #N/A | BH92: =VLOOKUP(A92,INPUT_RANGE,87,FALSE) -> #N/A | BI92: =VLOOKUP(A92,INPUT_RANGE,81,FALSE) & " SAVES" -> #N/A | BJ92: =VLOOKUP(A92,INPUT_RANGE,81,FALSE) -> #N/A | BK92: =VLOOKUP(A92,INPUT_RANGE,83,FALSE) -> #N/A | BL92: =VLOOKUP(A92,INPUT_RANGE,87,FALSE) & "/" & VLOOKUP(A92,INPUT_RANGE,86,FALSE) -> #N/A | BM92: =ROUND((VLOOKUP(A92,INPUT_RANGE,86,FALSE)+VLOOKUP(A92,INPUT_RANGE,83,FALSE))/AS92,2) -> #N/A
A93: 92 | B93: 92 | C93: =Roster!$X95 -> - - | D93: =BA93 -> #N/A | F93: =M93 -> #N/A | H93: =T93 -> #N/A | J93: =N93 -> #N/A | M93: =TEXT(AW93,".000") & " BA" -> #N/A | N93: =VLOOKUP(A93,INPUT_RANGE,58,FALSE) & " RBI" -> #N/A | O93: =VLOOKUP(A93,INPUT_RANGE,60,FALSE) & " BB" -> #N/A | P93: =VLOOKUP(A93,INPUT_RANGE,61,FALSE) & " K" -> #N/A | Q93: =VLOOKUP(A93,INPUT_RANGE,64,FALSE) & " SB" -> #N/A | R93: =VLOOKUP(A93,INPUT_RANGE,55,FALSE) & " 2B" -> #N/A | S93: =VLOOKUP(A93,INPUT_RANGE,56,FALSE) & " 3B" -> #N/A | T93: =VLOOKUP(A93,INPUT_RANGE,57,FALSE) & " HR" -> #N/A | U93: =VLOOKUP(A93,INPUT_RANGE,53,FALSE) & " R" -> #N/A | V93: =TEXT(AX93, ".000") & " OBP" -> #N/A | X93: =VLOOKUP(A93,INPUT_RANGE,77,FALSE)&" games" -> #N/A | Y93: =VLOOKUP(A93,INPUT_RANGE,78,FALSE) & " starts" -> #N/A | Z93: =VLOOKUP(A93,INPUT_RANGE,82,FALSE) & " IP" -> #N/A | AA93: =TRUNC(VLOOKUP(A93,INPUT_RANGE,82,FALSE)) & IF(AR93=0.333,"º",IF(AR93=0.666,"»","")) -> #N/A | AB93: =AA93& " IP" -> #N/A | AC93: =VLOOKUP(A93,INPUT_RANGE,79,FALSE) & " CG" -> #N/A | AD93: =VLOOKUP(A93,INPUT_RANGE,80,FALSE) & " SHO" -> #N/A | AE93: =VLOOKUP(A93,INPUT_RANGE,75,FALSE) & " Win" -> #N/A | AF93: =VLOOKUP(A93,INPUT_RANGE,76,FALSE) & " Loss" -> #N/A | AG93: =VLOOKUP(A93,INPUT_RANGE,75,FALSE) & "-" & VLOOKUP(A93,INPUT_RANGE,76,FALSE) & " W-L" -> #N/A | AH93: =VLOOKUP(A93,INPUT_RANGE,81,FALSE)& " Saves" -> #N/A | AI93: =VLOOKUP(A93,INPUT_RANGE,83,FALSE) & " H" -> #N/A | AJ93: =VLOOKUP(A93,INPUT_RANGE,84,FALSE) & " R" -> #N/A | AK93: =VLOOKUP(A93,INPUT_RANGE,85,FALSE) &" ER" -> #N/A | AL93: =VLOOKUP(A93,INPUT_RANGE,88,FALSE) &" HR" -> #N/A | AM93: =VLOOKUP(A93,INPUT_RANGE,87,FALSE) & " K" -> #N/A | AN93: =VLOOKUP(A93,INPUT_RANGE,86,FALSE) & " BB" -> #N/A | AO93: =TEXT(AU93,"0.00") & " ERA" -> #N/A | AP93: =TEXT(AT93,"0.00") & " WHIP" -> #N/A | AQ93: =IF(LEFT(RIGHT((VLOOKUP(A93,INPUT_RANGE,82,FALSE)),2),1)=".",RIGHT(VLOOKUP(A93,INPUT_RANGE,82,FALSE),1), "X") -> #N/A | AR93: =IF(AQ93 ="1",0.333,IF(AQ93="2",0.666,0)) -> #N/A | AS93: =VLOOKUP(A93,INPUT_RANGE,82,FALSE)-(AQ93*0.1)+AR93 -> #N/A | AT93: =ROUND((VLOOKUP(A93,INPUT_RANGE,86,FALSE)+VLOOKUP(A93,INPUT_RANGE,83,FALSE))/AS93,2) -> #N/A | AU93: =ROUND((VLOOKUP(A93,INPUT_RANGE,85,FALSE)/AS93)*('Team Info'!$H$25),2) -> #N/A | AW93: =(VLOOKUP(A93,INPUT_RANGE,54,FALSE)/VLOOKUP(A93,INPUT_RANGE,52,FALSE)) -> #N/A | AX93: =((VLOOKUP(A93,INPUT_RANGE,54,FALSE)+VLOOKUP(A93,INPUT_RANGE,60,FALSE)+VLOOKUP(A93,INPUT_RANGE,59,FALSE))/(VLOOKUP(A93,INPUT_RANGE,52,FALSE)+VLOOKUP(A93,INPUT_RANGE,60,FALSE)+VLOOKUP(A93,INPUT_RANGE,59,FALSE)+VLOOKUP(A93,INPUT_RANGE,63,FALSE))) -> #N/A | AY93: =(VLOOKUP(A93,INPUT_RANGE,54)+VLOOKUP(A93,INPUT_RANGE,55)+(VLOOKUP(A93,INPUT_RANGE,56)*2)+(VLOOKUP(A93,INPUT_RANGE,57)*3))/(VLOOKUP(A93,INPUT_RANGE,52)) -> 0.44444444 | AZ93: =AX93+AY93 -> #N/A | BA93: =TEXT(AZ93,".000") & " OPS" -> #N/A | BB93: =VLOOKUP(A93,INPUT_RANGE,78,FALSE) -> #N/A | BC93: =VLOOKUP(A93,INPUT_RANGE,77,FALSE) -> #N/A | BD93: =VLOOKUP(A93,INPUT_RANGE,75,FALSE) & "-" & VLOOKUP(A93,INPUT_RANGE,76,FALSE) -> #N/A | BE93: =AU93 -> #N/A | BF93: =AA93 -> #N/A | BG93: =VLOOKUP(A93,INPUT_RANGE,86,FALSE) -> #N/A | BH93: =VLOOKUP(A93,INPUT_RANGE,87,FALSE) -> #N/A | BI93: =VLOOKUP(A93,INPUT_RANGE,81,FALSE) & " SAVES" -> #N/A | BJ93: =VLOOKUP(A93,INPUT_RANGE,81,FALSE) -> #N/A | BK93: =VLOOKUP(A93,INPUT_RANGE,83,FALSE) -> #N/A | BL93: =VLOOKUP(A93,INPUT_RANGE,87,FALSE) & "/" & VLOOKUP(A93,INPUT_RANGE,86,FALSE) -> #N/A | BM93: =ROUND((VLOOKUP(A93,INPUT_RANGE,86,FALSE)+VLOOKUP(A93,INPUT_RANGE,83,FALSE))/AS93,2) -> #N/A
A94: 93 | B94: 93 | C94: =Roster!$X96 -> - - | D94: =BA94 -> #N/A | F94: =M94 -> #N/A | H94: =T94 -> #N/A | J94: =N94 -> #N/A | M94: =TEXT(AW94,".000") & " BA" -> #N/A | N94: =VLOOKUP(A94,INPUT_RANGE,58,FALSE) & " RBI" -> #N/A | O94: =VLOOKUP(A94,INPUT_RANGE,60,FALSE) & " BB" -> #N/A | P94: =VLOOKUP(A94,INPUT_RANGE,61,FALSE) & " K" -> #N/A | Q94: =VLOOKUP(A94,INPUT_RANGE,64,FALSE) & " SB" -> #N/A | R94: =VLOOKUP(A94,INPUT_RANGE,55,FALSE) & " 2B" -> #N/A | S94: =VLOOKUP(A94,INPUT_RANGE,56,FALSE) & " 3B" -> #N/A | T94: =VLOOKUP(A94,INPUT_RANGE,57,FALSE) & " HR" -> #N/A | U94: =VLOOKUP(A94,INPUT_RANGE,53,FALSE) & " R" -> #N/A | V94: =TEXT(AX94, ".000") & " OBP" -> #N/A | X94: =VLOOKUP(A94,INPUT_RANGE,77,FALSE)&" games" -> #N/A | Y94: =VLOOKUP(A94,INPUT_RANGE,78,FALSE) & " starts" -> #N/A | Z94: =VLOOKUP(A94,INPUT_RANGE,82,FALSE) & " IP" -> #N/A | AA94: =TRUNC(VLOOKUP(A94,INPUT_RANGE,82,FALSE)) & IF(AR94=0.333,"º",IF(AR94=0.666,"»","")) -> #N/A | AB94: =AA94& " IP" -> #N/A | AC94: =VLOOKUP(A94,INPUT_RANGE,79,FALSE) & " CG" -> #N/A | AD94: =VLOOKUP(A94,INPUT_RANGE,80,FALSE) & " SHO" -> #N/A | AE94: =VLOOKUP(A94,INPUT_RANGE,75,FALSE) & " Win" -> #N/A | AF94: =VLOOKUP(A94,INPUT_RANGE,76,FALSE) & " Loss" -> #N/A | AG94: =VLOOKUP(A94,INPUT_RANGE,75,FALSE) & "-" & VLOOKUP(A94,INPUT_RANGE,76,FALSE) & " W-L" -> #N/A | AH94: =VLOOKUP(A94,INPUT_RANGE,81,FALSE)& " Saves" -> #N/A | AI94: =VLOOKUP(A94,INPUT_RANGE,83,FALSE) & " H" -> #N/A | AJ94: =VLOOKUP(A94,INPUT_RANGE,84,FALSE) & " R" -> #N/A | AK94: =VLOOKUP(A94,INPUT_RANGE,85,FALSE) &" ER" -> #N/A | AL94: =VLOOKUP(A94,INPUT_RANGE,88,FALSE) &" HR" -> #N/A | AM94: =VLOOKUP(A94,INPUT_RANGE,87,FALSE) & " K" -> #N/A | AN94: =VLOOKUP(A94,INPUT_RANGE,86,FALSE) & " BB" -> #N/A | AO94: =TEXT(AU94,"0.00") & " ERA" -> #N/A | AP94: =TEXT(AT94,"0.00") & " WHIP" -> #N/A | AQ94: =IF(LEFT(RIGHT((VLOOKUP(A94,INPUT_RANGE,82,FALSE)),2),1)=".",RIGHT(VLOOKUP(A94,INPUT_RANGE,82,FALSE),1), "X") -> #N/A | AR94: =IF(AQ94 ="1",0.333,IF(AQ94="2",0.666,0)) -> #N/A | AS94: =VLOOKUP(A94,INPUT_RANGE,82,FALSE)-(AQ94*0.1)+AR94 -> #N/A | AT94: =ROUND((VLOOKUP(A94,INPUT_RANGE,86,FALSE)+VLOOKUP(A94,INPUT_RANGE,83,FALSE))/AS94,2) -> #N/A | AU94: =ROUND((VLOOKUP(A94,INPUT_RANGE,85,FALSE)/AS94)*('Team Info'!$H$25),2) -> #N/A | AW94: =(VLOOKUP(A94,INPUT_RANGE,54,FALSE)/VLOOKUP(A94,INPUT_RANGE,52,FALSE)) -> #N/A | AX94: =((VLOOKUP(A94,INPUT_RANGE,54,FALSE)+VLOOKUP(A94,INPUT_RANGE,60,FALSE)+VLOOKUP(A94,INPUT_RANGE,59,FALSE))/(VLOOKUP(A94,INPUT_RANGE,52,FALSE)+VLOOKUP(A94,INPUT_RANGE,60,FALSE)+VLOOKUP(A94,INPUT_RANGE,59,FALSE)+VLOOKUP(A94,INPUT_RANGE,63,FALSE))) -> #N/A | AY94: =(VLOOKUP(A94,INPUT_RANGE,54)+VLOOKUP(A94,INPUT_RANGE,55)+(VLOOKUP(A94,INPUT_RANGE,56)*2)+(VLOOKUP(A94,INPUT_RANGE,57)*3))/(VLOOKUP(A94,INPUT_RANGE,52)) -> 0.44444444 | AZ94: =AX94+AY94 -> #N/A | BA94: =TEXT(AZ94,".000") & " OPS" -> #N/A | BB94: =VLOOKUP(A94,INPUT_RANGE,78,FALSE) -> #N/A | BC94: =VLOOKUP(A94,INPUT_RANGE,77,FALSE) -> #N/A | BD94: =VLOOKUP(A94,INPUT_RANGE,75,FALSE) & "-" & VLOOKUP(A94,INPUT_RANGE,76,FALSE) -> #N/A | BE94: =AU94 -> #N/A | BF94: =AA94 -> #N/A | BG94: =VLOOKUP(A94,INPUT_RANGE,86,FALSE) -> #N/A | BH94: =VLOOKUP(A94,INPUT_RANGE,87,FALSE) -> #N/A | BI94: =VLOOKUP(A94,INPUT_RANGE,81,FALSE) & " SAVES" -> #N/A | BJ94: =VLOOKUP(A94,INPUT_RANGE,81,FALSE) -> #N/A | BK94: =VLOOKUP(A94,INPUT_RANGE,83,FALSE) -> #N/A | BL94: =VLOOKUP(A94,INPUT_RANGE,87,FALSE) & "/" & VLOOKUP(A94,INPUT_RANGE,86,FALSE) -> #N/A | BM94: =ROUND((VLOOKUP(A94,INPUT_RANGE,86,FALSE)+VLOOKUP(A94,INPUT_RANGE,83,FALSE))/AS94,2) -> #N/A
A95: 94 | B95: 94 | C95: =Roster!$X97 -> - - | D95: =BA95 -> #N/A | F95: =M95 -> #N/A | H95: =T95 -> #N/A | J95: =N95 -> #N/A | M95: =TEXT(AW95,".000") & " BA" -> #N/A | N95: =VLOOKUP(A95,INPUT_RANGE,58,FALSE) & " RBI" -> #N/A | O95: =VLOOKUP(A95,INPUT_RANGE,60,FALSE) & " BB" -> #N/A | P95: =VLOOKUP(A95,INPUT_RANGE,61,FALSE) & " K" -> #N/A | Q95: =VLOOKUP(A95,INPUT_RANGE,64,FALSE) & " SB" -> #N/A | R95: =VLOOKUP(A95,INPUT_RANGE,55,FALSE) & " 2B" -> #N/A | S95: =VLOOKUP(A95,INPUT_RANGE,56,FALSE) & " 3B" -> #N/A | T95: =VLOOKUP(A95,INPUT_RANGE,57,FALSE) & " HR" -> #N/A | U95: =VLOOKUP(A95,INPUT_RANGE,53,FALSE) & " R" -> #N/A | V95: =TEXT(AX95, ".000") & " OBP" -> #N/A | X95: =VLOOKUP(A95,INPUT_RANGE,77,FALSE)&" games" -> #N/A | Y95: =VLOOKUP(A95,INPUT_RANGE,78,FALSE) & " starts" -> #N/A | Z95: =VLOOKUP(A95,INPUT_RANGE,82,FALSE) & " IP" -> #N/A | AA95: =TRUNC(VLOOKUP(A95,INPUT_RANGE,82,FALSE)) & IF(AR95=0.333,"º",IF(AR95=0.666,"»","")) -> #N/A | AB95: =AA95& " IP" -> #N/A | AC95: =VLOOKUP(A95,INPUT_RANGE,79,FALSE) & " CG" -> #N/A | AD95: =VLOOKUP(A95,INPUT_RANGE,80,FALSE) & " SHO" -> #N/A | AE95: =VLOOKUP(A95,INPUT_RANGE,75,FALSE) & " Win" -> #N/A | AF95: =VLOOKUP(A95,INPUT_RANGE,76,FALSE) & " Loss" -> #N/A | AG95: =VLOOKUP(A95,INPUT_RANGE,75,FALSE) & "-" & VLOOKUP(A95,INPUT_RANGE,76,FALSE) & " W-L" -> #N/A | AH95: =VLOOKUP(A95,INPUT_RANGE,81,FALSE)& " Saves" -> #N/A | AI95: =VLOOKUP(A95,INPUT_RANGE,83,FALSE) & " H" -> #N/A | AJ95: =VLOOKUP(A95,INPUT_RANGE,84,FALSE) & " R" -> #N/A | AK95: =VLOOKUP(A95,INPUT_RANGE,85,FALSE) &" ER" -> #N/A | AL95: =VLOOKUP(A95,INPUT_RANGE,88,FALSE) &" HR" -> #N/A | AM95: =VLOOKUP(A95,INPUT_RANGE,87,FALSE) & " K" -> #N/A | AN95: =VLOOKUP(A95,INPUT_RANGE,86,FALSE) & " BB" -> #N/A | AO95: =TEXT(AU95,"0.00") & " ERA" -> #N/A | AP95: =TEXT(AT95,"0.00") & " WHIP" -> #N/A | AQ95: =IF(LEFT(RIGHT((VLOOKUP(A95,INPUT_RANGE,82,FALSE)),2),1)=".",RIGHT(VLOOKUP(A95,INPUT_RANGE,82,FALSE),1), "X") -> #N/A | AR95: =IF(AQ95 ="1",0.333,IF(AQ95="2",0.666,0)) -> #N/A | AS95: =VLOOKUP(A95,INPUT_RANGE,82,FALSE)-(AQ95*0.1)+AR95 -> #N/A | AT95: =ROUND((VLOOKUP(A95,INPUT_RANGE,86,FALSE)+VLOOKUP(A95,INPUT_RANGE,83,FALSE))/AS95,2) -> #N/A | AU95: =ROUND((VLOOKUP(A95,INPUT_RANGE,85,FALSE)/AS95)*('Team Info'!$H$25),2) -> #N/A | AW95: =(VLOOKUP(A95,INPUT_RANGE,54,FALSE)/VLOOKUP(A95,INPUT_RANGE,52,FALSE)) -> #N/A | AX95: =((VLOOKUP(A95,INPUT_RANGE,54,FALSE)+VLOOKUP(A95,INPUT_RANGE,60,FALSE)+VLOOKUP(A95,INPUT_RANGE,59,FALSE))/(VLOOKUP(A95,INPUT_RANGE,52,FALSE)+VLOOKUP(A95,INPUT_RANGE,60,FALSE)+VLOOKUP(A95,INPUT_RANGE,59,FALSE)+VLOOKUP(A95,INPUT_RANGE,63,FALSE))) -> #N/A | AY95: =(VLOOKUP(A95,INPUT_RANGE,54)+VLOOKUP(A95,INPUT_RANGE,55)+(VLOOKUP(A95,INPUT_RANGE,56)*2)+(VLOOKUP(A95,INPUT_RANGE,57)*3))/(VLOOKUP(A95,INPUT_RANGE,52)) -> 0.44444444 | AZ95: =AX95+AY95 -> #N/A | BA95: =TEXT(AZ95,".000") & " OPS" -> #N/A | BB95: =VLOOKUP(A95,INPUT_RANGE,78,FALSE) -> #N/A | BC95: =VLOOKUP(A95,INPUT_RANGE,77,FALSE) -> #N/A | BD95: =VLOOKUP(A95,INPUT_RANGE,75,FALSE) & "-" & VLOOKUP(A95,INPUT_RANGE,76,FALSE) -> #N/A | BE95: =AU95 -> #N/A | BF95: =AA95 -> #N/A | BG95: =VLOOKUP(A95,INPUT_RANGE,86,FALSE) -> #N/A | BH95: =VLOOKUP(A95,INPUT_RANGE,87,FALSE) -> #N/A | BI95: =VLOOKUP(A95,INPUT_RANGE,81,FALSE) & " SAVES" -> #N/A | BJ95: =VLOOKUP(A95,INPUT_RANGE,81,FALSE) -> #N/A | BK95: =VLOOKUP(A95,INPUT_RANGE,83,FALSE) -> #N/A | BL95: =VLOOKUP(A95,INPUT_RANGE,87,FALSE) & "/" & VLOOKUP(A95,INPUT_RANGE,86,FALSE) -> #N/A | BM95: =ROUND((VLOOKUP(A95,INPUT_RANGE,86,FALSE)+VLOOKUP(A95,INPUT_RANGE,83,FALSE))/AS95,2) -> #N/A
A96: 95 | B96: 95 | C96: =Roster!$X98 -> - - | D96: =BA96 -> #N/A | F96: =M96 -> #N/A | H96: =T96 -> #N/A | J96: =N96 -> #N/A | M96: =TEXT(AW96,".000") & " BA" -> #N/A | N96: =VLOOKUP(A96,INPUT_RANGE,58,FALSE) & " RBI" -> #N/A | O96: =VLOOKUP(A96,INPUT_RANGE,60,FALSE) & " BB" -> #N/A | P96: =VLOOKUP(A96,INPUT_RANGE,61,FALSE) & " K" -> #N/A | Q96: =VLOOKUP(A96,INPUT_RANGE,64,FALSE) & " SB" -> #N/A | R96: =VLOOKUP(A96,INPUT_RANGE,55,FALSE) & " 2B" -> #N/A | S96: =VLOOKUP(A96,INPUT_RANGE,56,FALSE) & " 3B" -> #N/A | T96: =VLOOKUP(A96,INPUT_RANGE,57,FALSE) & " HR" -> #N/A | U96: =VLOOKUP(A96,INPUT_RANGE,53,FALSE) & " R" -> #N/A | V96: =TEXT(AX96, ".000") & " OBP" -> #N/A | X96: =VLOOKUP(A96,INPUT_RANGE,77,FALSE)&" games" -> #N/A | Y96: =VLOOKUP(A96,INPUT_RANGE,78,FALSE) & " starts" -> #N/A | Z96: =VLOOKUP(A96,INPUT_RANGE,82,FALSE) & " IP" -> #N/A | AA96: =TRUNC(VLOOKUP(A96,INPUT_RANGE,82,FALSE)) & IF(AR96=0.333,"º",IF(AR96=0.666,"»","")) -> #N/A | AB96: =AA96& " IP" -> #N/A | AC96: =VLOOKUP(A96,INPUT_RANGE,79,FALSE) & " CG" -> #N/A | AD96: =VLOOKUP(A96,INPUT_RANGE,80,FALSE) & " SHO" -> #N/A | AE96: =VLOOKUP(A96,INPUT_RANGE,75,FALSE) & " Win" -> #N/A | AF96: =VLOOKUP(A96,INPUT_RANGE,76,FALSE) & " Loss" -> #N/A | AG96: =VLOOKUP(A96,INPUT_RANGE,75,FALSE) & "-" & VLOOKUP(A96,INPUT_RANGE,76,FALSE) & " W-L" -> #N/A | AH96: =VLOOKUP(A96,INPUT_RANGE,81,FALSE)& " Saves" -> #N/A | AI96: =VLOOKUP(A96,INPUT_RANGE,83,FALSE) & " H" -> #N/A | AJ96: =VLOOKUP(A96,INPUT_RANGE,84,FALSE) & " R" -> #N/A | AK96: =VLOOKUP(A96,INPUT_RANGE,85,FALSE) &" ER" -> #N/A | AL96: =VLOOKUP(A96,INPUT_RANGE,88,FALSE) &" HR" -> #N/A | AM96: =VLOOKUP(A96,INPUT_RANGE,87,FALSE) & " K" -> #N/A | AN96: =VLOOKUP(A96,INPUT_RANGE,86,FALSE) & " BB" -> #N/A | AO96: =TEXT(AU96,"0.00") & " ERA" -> #N/A | AP96: =TEXT(AT96,"0.00") & " WHIP" -> #N/A | AQ96: =IF(LEFT(RIGHT((VLOOKUP(A96,INPUT_RANGE,82,FALSE)),2),1)=".",RIGHT(VLOOKUP(A96,INPUT_RANGE,82,FALSE),1), "X") -> #N/A | AR96: =IF(AQ96 ="1",0.333,IF(AQ96="2",0.666,0)) -> #N/A | AS96: =VLOOKUP(A96,INPUT_RANGE,82,FALSE)-(AQ96*0.1)+AR96 -> #N/A | AT96: =ROUND((VLOOKUP(A96,INPUT_RANGE,86,FALSE)+VLOOKUP(A96,INPUT_RANGE,83,FALSE))/AS96,2) -> #N/A | AU96: =ROUND((VLOOKUP(A96,INPUT_RANGE,85,FALSE)/AS96)*('Team Info'!$H$25),2) -> #N/A | AW96: =(VLOOKUP(A96,INPUT_RANGE,54,FALSE)/VLOOKUP(A96,INPUT_RANGE,52,FALSE)) -> #N/A | AX96: =((VLOOKUP(A96,INPUT_RANGE,54,FALSE)+VLOOKUP(A96,INPUT_RANGE,60,FALSE)+VLOOKUP(A96,INPUT_RANGE,59,FALSE))/(VLOOKUP(A96,INPUT_RANGE,52,FALSE)+VLOOKUP(A96,INPUT_RANGE,60,FALSE)+VLOOKUP(A96,INPUT_RANGE,59,FALSE)+VLOOKUP(A96,INPUT_RANGE,63,FALSE))) -> #N/A | AY96: =(VLOOKUP(A96,INPUT_RANGE,54)+VLOOKUP(A96,INPUT_RANGE,55)+(VLOOKUP(A96,INPUT_RANGE,56)*2)+(VLOOKUP(A96,INPUT_RANGE,57)*3))/(VLOOKUP(A96,INPUT_RANGE,52)) -> 0.44444444 | AZ96: =AX96+AY96 -> #N/A | BA96: =TEXT(AZ96,".000") & " OPS" -> #N/A | BB96: =VLOOKUP(A96,INPUT_RANGE,78,FALSE) -> #N/A | BC96: =VLOOKUP(A96,INPUT_RANGE,77,FALSE) -> #N/A | BD96: =VLOOKUP(A96,INPUT_RANGE,75,FALSE) & "-" & VLOOKUP(A96,INPUT_RANGE,76,FALSE) -> #N/A | BE96: =AU96 -> #N/A | BF96: =AA96 -> #N/A | BG96: =VLOOKUP(A96,INPUT_RANGE,86,FALSE) -> #N/A | BH96: =VLOOKUP(A96,INPUT_RANGE,87,FALSE) -> #N/A | BI96: =VLOOKUP(A96,INPUT_RANGE,81,FALSE) & " SAVES" -> #N/A | BJ96: =VLOOKUP(A96,INPUT_RANGE,81,FALSE) -> #N/A | BK96: =VLOOKUP(A96,INPUT_RANGE,83,FALSE) -> #N/A | BL96: =VLOOKUP(A96,INPUT_RANGE,87,FALSE) & "/" & VLOOKUP(A96,INPUT_RANGE,86,FALSE) -> #N/A | BM96: =ROUND((VLOOKUP(A96,INPUT_RANGE,86,FALSE)+VLOOKUP(A96,INPUT_RANGE,83,FALSE))/AS96,2) -> #N/A
A97: 96 | B97: 96 | C97: =Roster!$X99 -> - - | D97: =BA97 -> #N/A | F97: =M97 -> #N/A | H97: =T97 -> #N/A | J97: =N97 -> #N/A | M97: =TEXT(AW97,".000") & " BA" -> #N/A | N97: =VLOOKUP(A97,INPUT_RANGE,58,FALSE) & " RBI" -> #N/A | O97: =VLOOKUP(A97,INPUT_RANGE,60,FALSE) & " BB" -> #N/A | P97: =VLOOKUP(A97,INPUT_RANGE,61,FALSE) & " K" -> #N/A | Q97: =VLOOKUP(A97,INPUT_RANGE,64,FALSE) & " SB" -> #N/A | R97: =VLOOKUP(A97,INPUT_RANGE,55,FALSE) & " 2B" -> #N/A | S97: =VLOOKUP(A97,INPUT_RANGE,56,FALSE) & " 3B" -> #N/A | T97: =VLOOKUP(A97,INPUT_RANGE,57,FALSE) & " HR" -> #N/A | U97: =VLOOKUP(A97,INPUT_RANGE,53,FALSE) & " R" -> #N/A | V97: =TEXT(AX97, ".000") & " OBP" -> #N/A | X97: =VLOOKUP(A97,INPUT_RANGE,77,FALSE)&" games" -> #N/A | Y97: =VLOOKUP(A97,INPUT_RANGE,78,FALSE) & " starts" -> #N/A | Z97: =VLOOKUP(A97,INPUT_RANGE,82,FALSE) & " IP" -> #N/A | AA97: =TRUNC(VLOOKUP(A97,INPUT_RANGE,82,FALSE)) & IF(AR97=0.333,"º",IF(AR97=0.666,"»","")) -> #N/A | AB97: =AA97& " IP" -> #N/A | AC97: =VLOOKUP(A97,INPUT_RANGE,79,FALSE) & " CG" -> #N/A | AD97: =VLOOKUP(A97,INPUT_RANGE,80,FALSE) & " SHO" -> #N/A | AE97: =VLOOKUP(A97,INPUT_RANGE,75,FALSE) & " Win" -> #N/A | AF97: =VLOOKUP(A97,INPUT_RANGE,76,FALSE) & " Loss" -> #N/A | AG97: =VLOOKUP(A97,INPUT_RANGE,75,FALSE) & "-" & VLOOKUP(A97,INPUT_RANGE,76,FALSE) & " W-L" -> #N/A | AH97: =VLOOKUP(A97,INPUT_RANGE,81,FALSE)& " Saves" -> #N/A | AI97: =VLOOKUP(A97,INPUT_RANGE,83,FALSE) & " H" -> #N/A | AJ97: =VLOOKUP(A97,INPUT_RANGE,84,FALSE) & " R" -> #N/A | AK97: =VLOOKUP(A97,INPUT_RANGE,85,FALSE) &" ER" -> #N/A | AL97: =VLOOKUP(A97,INPUT_RANGE,88,FALSE) &" HR" -> #N/A | AM97: =VLOOKUP(A97,INPUT_RANGE,87,FALSE) & " K" -> #N/A | AN97: =VLOOKUP(A97,INPUT_RANGE,86,FALSE) & " BB" -> #N/A | AO97: =TEXT(AU97,"0.00") & " ERA" -> #N/A | AP97: =TEXT(AT97,"0.00") & " WHIP" -> #N/A | AQ97: =IF(LEFT(RIGHT((VLOOKUP(A97,INPUT_RANGE,82,FALSE)),2),1)=".",RIGHT(VLOOKUP(A97,INPUT_RANGE,82,FALSE),1), "X") -> #N/A | AR97: =IF(AQ97 ="1",0.333,IF(AQ97="2",0.666,0)) -> #N/A | AS97: =VLOOKUP(A97,INPUT_RANGE,82,FALSE)-(AQ97*0.1)+AR97 -> #N/A | AT97: =ROUND((VLOOKUP(A97,INPUT_RANGE,86,FALSE)+VLOOKUP(A97,INPUT_RANGE,83,FALSE))/AS97,2) -> #N/A | AU97: =ROUND((VLOOKUP(A97,INPUT_RANGE,85,FALSE)/AS97)*('Team Info'!$H$25),2) -> #N/A | AW97: =(VLOOKUP(A97,INPUT_RANGE,54,FALSE)/VLOOKUP(A97,INPUT_RANGE,52,FALSE)) -> #N/A | AX97: =((VLOOKUP(A97,INPUT_RANGE,54,FALSE)+VLOOKUP(A97,INPUT_RANGE,60,FALSE)+VLOOKUP(A97,INPUT_RANGE,59,FALSE))/(VLOOKUP(A97,INPUT_RANGE,52,FALSE)+VLOOKUP(A97,INPUT_RANGE,60,FALSE)+VLOOKUP(A97,INPUT_RANGE,59,FALSE)+VLOOKUP(A97,INPUT_RANGE,63,FALSE))) -> #N/A | AY97: =(VLOOKUP(A97,INPUT_RANGE,54)+VLOOKUP(A97,INPUT_RANGE,55)+(VLOOKUP(A97,INPUT_RANGE,56)*2)+(VLOOKUP(A97,INPUT_RANGE,57)*3))/(VLOOKUP(A97,INPUT_RANGE,52)) -> 0.44444444 | AZ97: =AX97+AY97 -> #N/A | BA97: =TEXT(AZ97,".000") & " OPS" -> #N/A | BB97: =VLOOKUP(A97,INPUT_RANGE,78,FALSE) -> #N/A | BC97: =VLOOKUP(A97,INPUT_RANGE,77,FALSE) -> #N/A | BD97: =VLOOKUP(A97,INPUT_RANGE,75,FALSE) & "-" & VLOOKUP(A97,INPUT_RANGE,76,FALSE) -> #N/A | BE97: =AU97 -> #N/A | BF97: =AA97 -> #N/A | BG97: =VLOOKUP(A97,INPUT_RANGE,86,FALSE) -> #N/A | BH97: =VLOOKUP(A97,INPUT_RANGE,87,FALSE) -> #N/A | BI97: =VLOOKUP(A97,INPUT_RANGE,81,FALSE) & " SAVES" -> #N/A | BJ97: =VLOOKUP(A97,INPUT_RANGE,81,FALSE) -> #N/A | BK97: =VLOOKUP(A97,INPUT_RANGE,83,FALSE) -> #N/A | BL97: =VLOOKUP(A97,INPUT_RANGE,87,FALSE) & "/" & VLOOKUP(A97,INPUT_RANGE,86,FALSE) -> #N/A | BM97: =ROUND((VLOOKUP(A97,INPUT_RANGE,86,FALSE)+VLOOKUP(A97,INPUT_RANGE,83,FALSE))/AS97,2) -> #N/A
A98: 97 | B98: 97 | C98: =Roster!$X100 -> - - | D98: =BA98 -> #N/A | F98: =M98 -> #N/A | H98: =T98 -> #N/A | J98: =N98 -> #N/A | M98: =TEXT(AW98,".000") & " BA" -> #N/A | N98: =VLOOKUP(A98,INPUT_RANGE,58,FALSE) & " RBI" -> #N/A | O98: =VLOOKUP(A98,INPUT_RANGE,60,FALSE) & " BB" -> #N/A | P98: =VLOOKUP(A98,INPUT_RANGE,61,FALSE) & " K" -> #N/A | Q98: =VLOOKUP(A98,INPUT_RANGE,64,FALSE) & " SB" -> #N/A | R98: =VLOOKUP(A98,INPUT_RANGE,55,FALSE) & " 2B" -> #N/A | S98: =VLOOKUP(A98,INPUT_RANGE,56,FALSE) & " 3B" -> #N/A | T98: =VLOOKUP(A98,INPUT_RANGE,57,FALSE) & " HR" -> #N/A | U98: =VLOOKUP(A98,INPUT_RANGE,53,FALSE) & " R" -> #N/A | V98: =TEXT(AX98, ".000") & " OBP" -> #N/A | X98: =VLOOKUP(A98,INPUT_RANGE,77,FALSE)&" games" -> #N/A | Y98: =VLOOKUP(A98,INPUT_RANGE,78,FALSE) & " starts" -> #N/A | Z98: =VLOOKUP(A98,INPUT_RANGE,82,FALSE) & " IP" -> #N/A | AA98: =TRUNC(VLOOKUP(A98,INPUT_RANGE,82,FALSE)) & IF(AR98=0.333,"º",IF(AR98=0.666,"»","")) -> #N/A | AB98: =AA98& " IP" -> #N/A | AC98: =VLOOKUP(A98,INPUT_RANGE,79,FALSE) & " CG" -> #N/A | AD98: =VLOOKUP(A98,INPUT_RANGE,80,FALSE) & " SHO" -> #N/A | AE98: =VLOOKUP(A98,INPUT_RANGE,75,FALSE) & " Win" -> #N/A | AF98: =VLOOKUP(A98,INPUT_RANGE,76,FALSE) & " Loss" -> #N/A | AG98: =VLOOKUP(A98,INPUT_RANGE,75,FALSE) & "-" & VLOOKUP(A98,INPUT_RANGE,76,FALSE) & " W-L" -> #N/A | AH98: =VLOOKUP(A98,INPUT_RANGE,81,FALSE)& " Saves" -> #N/A | AI98: =VLOOKUP(A98,INPUT_RANGE,83,FALSE) & " H" -> #N/A | AJ98: =VLOOKUP(A98,INPUT_RANGE,84,FALSE) & " R" -> #N/A | AK98: =VLOOKUP(A98,INPUT_RANGE,85,FALSE) &" ER" -> #N/A | AL98: =VLOOKUP(A98,INPUT_RANGE,88,FALSE) &" HR" -> #N/A | AM98: =VLOOKUP(A98,INPUT_RANGE,87,FALSE) & " K" -> #N/A | AN98: =VLOOKUP(A98,INPUT_RANGE,86,FALSE) & " BB" -> #N/A | AO98: =TEXT(AU98,"0.00") & " ERA" -> #N/A | AP98: =TEXT(AT98,"0.00") & " WHIP" -> #N/A | AQ98: =IF(LEFT(RIGHT((VLOOKUP(A98,INPUT_RANGE,82,FALSE)),2),1)=".",RIGHT(VLOOKUP(A98,INPUT_RANGE,82,FALSE),1), "X") -> #N/A | AR98: =IF(AQ98 ="1",0.333,IF(AQ98="2",0.666,0)) -> #N/A | AS98: =VLOOKUP(A98,INPUT_RANGE,82,FALSE)-(AQ98*0.1)+AR98 -> #N/A | AT98: =ROUND((VLOOKUP(A98,INPUT_RANGE,86,FALSE)+VLOOKUP(A98,INPUT_RANGE,83,FALSE))/AS98,2) -> #N/A | AU98: =ROUND((VLOOKUP(A98,INPUT_RANGE,85,FALSE)/AS98)*('Team Info'!$H$25),2) -> #N/A | AW98: =(VLOOKUP(A98,INPUT_RANGE,54,FALSE)/VLOOKUP(A98,INPUT_RANGE,52,FALSE)) -> #N/A | AX98: =((VLOOKUP(A98,INPUT_RANGE,54,FALSE)+VLOOKUP(A98,INPUT_RANGE,60,FALSE)+VLOOKUP(A98,INPUT_RANGE,59,FALSE))/(VLOOKUP(A98,INPUT_RANGE,52,FALSE)+VLOOKUP(A98,INPUT_RANGE,60,FALSE)+VLOOKUP(A98,INPUT_RANGE,59,FALSE)+VLOOKUP(A98,INPUT_RANGE,63,FALSE))) -> #N/A | AY98: =(VLOOKUP(A98,INPUT_RANGE,54)+VLOOKUP(A98,INPUT_RANGE,55)+(VLOOKUP(A98,INPUT_RANGE,56)*2)+(VLOOKUP(A98,INPUT_RANGE,57)*3))/(VLOOKUP(A98,INPUT_RANGE,52)) -> 0.44444444 | AZ98: =AX98+AY98 -> #N/A | BA98: =TEXT(AZ98,".000") & " OPS" -> #N/A | BB98: =VLOOKUP(A98,INPUT_RANGE,78,FALSE) -> #N/A | BC98: =VLOOKUP(A98,INPUT_RANGE,77,FALSE) -> #N/A | BD98: =VLOOKUP(A98,INPUT_RANGE,75,FALSE) & "-" & VLOOKUP(A98,INPUT_RANGE,76,FALSE) -> #N/A | BE98: =AU98 -> #N/A | BF98: =AA98 -> #N/A | BG98: =VLOOKUP(A98,INPUT_RANGE,86,FALSE) -> #N/A | BH98: =VLOOKUP(A98,INPUT_RANGE,87,FALSE) -> #N/A | BI98: =VLOOKUP(A98,INPUT_RANGE,81,FALSE) & " SAVES" -> #N/A | BJ98: =VLOOKUP(A98,INPUT_RANGE,81,FALSE) -> #N/A | BK98: =VLOOKUP(A98,INPUT_RANGE,83,FALSE) -> #N/A | BL98: =VLOOKUP(A98,INPUT_RANGE,87,FALSE) & "/" & VLOOKUP(A98,INPUT_RANGE,86,FALSE) -> #N/A | BM98: =ROUND((VLOOKUP(A98,INPUT_RANGE,86,FALSE)+VLOOKUP(A98,INPUT_RANGE,83,FALSE))/AS98,2) -> #N/A
A99: 98 | B99: 98 | C99: =Roster!$X101 -> - - | D99: =BA99 -> #N/A | F99: =M99 -> #N/A | H99: =T99 -> #N/A | J99: =N99 -> #N/A | M99: =TEXT(AW99,".000") & " BA" -> #N/A | N99: =VLOOKUP(A99,INPUT_RANGE,58,FALSE) & " RBI" -> #N/A | O99: =VLOOKUP(A99,INPUT_RANGE,60,FALSE) & " BB" -> #N/A | P99: =VLOOKUP(A99,INPUT_RANGE,61,FALSE) & " K" -> #N/A | Q99: =VLOOKUP(A99,INPUT_RANGE,64,FALSE) & " SB" -> #N/A | R99: =VLOOKUP(A99,INPUT_RANGE,55,FALSE) & " 2B" -> #N/A | S99: =VLOOKUP(A99,INPUT_RANGE,56,FALSE) & " 3B" -> #N/A | T99: =VLOOKUP(A99,INPUT_RANGE,57,FALSE) & " HR" -> #N/A | U99: =VLOOKUP(A99,INPUT_RANGE,53,FALSE) & " R" -> #N/A | V99: =TEXT(AX99, ".000") & " OBP" -> #N/A | X99: =VLOOKUP(A99,INPUT_RANGE,77,FALSE)&" games" -> #N/A | Y99: =VLOOKUP(A99,INPUT_RANGE,78,FALSE) & " starts" -> #N/A | Z99: =VLOOKUP(A99,INPUT_RANGE,82,FALSE) & " IP" -> #N/A | AA99: =TRUNC(VLOOKUP(A99,INPUT_RANGE,82,FALSE)) & IF(AR99=0.333,"º",IF(AR99=0.666,"»","")) -> #N/A | AB99: =AA99& " IP" -> #N/A | AC99: =VLOOKUP(A99,INPUT_RANGE,79,FALSE) & " CG" -> #N/A | AD99: =VLOOKUP(A99,INPUT_RANGE,80,FALSE) & " SHO" -> #N/A | AE99: =VLOOKUP(A99,INPUT_RANGE,75,FALSE) & " Win" -> #N/A | AF99: =VLOOKUP(A99,INPUT_RANGE,76,FALSE) & " Loss" -> #N/A | AG99: =VLOOKUP(A99,INPUT_RANGE,75,FALSE) & "-" & VLOOKUP(A99,INPUT_RANGE,76,FALSE) & " W-L" -> #N/A | AH99: =VLOOKUP(A99,INPUT_RANGE,81,FALSE)& " Saves" -> #N/A | AI99: =VLOOKUP(A99,INPUT_RANGE,83,FALSE) & " H" -> #N/A | AJ99: =VLOOKUP(A99,INPUT_RANGE,84,FALSE) & " R" -> #N/A | AK99: =VLOOKUP(A99,INPUT_RANGE,85,FALSE) &" ER" -> #N/A | AL99: =VLOOKUP(A99,INPUT_RANGE,88,FALSE) &" HR" -> #N/A | AM99: =VLOOKUP(A99,INPUT_RANGE,87,FALSE) & " K" -> #N/A | AN99: =VLOOKUP(A99,INPUT_RANGE,86,FALSE) & " BB" -> #N/A | AO99: =TEXT(AU99,"0.00") & " ERA" -> #N/A | AP99: =TEXT(AT99,"0.00") & " WHIP" -> #N/A | AQ99: =IF(LEFT(RIGHT((VLOOKUP(A99,INPUT_RANGE,82,FALSE)),2),1)=".",RIGHT(VLOOKUP(A99,INPUT_RANGE,82,FALSE),1), "X") -> #N/A | AR99: =IF(AQ99 ="1",0.333,IF(AQ99="2",0.666,0)) -> #N/A | AS99: =VLOOKUP(A99,INPUT_RANGE,82,FALSE)-(AQ99*0.1)+AR99 -> #N/A | AT99: =ROUND((VLOOKUP(A99,INPUT_RANGE,86,FALSE)+VLOOKUP(A99,INPUT_RANGE,83,FALSE))/AS99,2) -> #N/A | AU99: =ROUND((VLOOKUP(A99,INPUT_RANGE,85,FALSE)/AS99)*('Team Info'!$H$25),2) -> #N/A | AW99: =(VLOOKUP(A99,INPUT_RANGE,54,FALSE)/VLOOKUP(A99,INPUT_RANGE,52,FALSE)) -> #N/A | AX99: =((VLOOKUP(A99,INPUT_RANGE,54,FALSE)+VLOOKUP(A99,INPUT_RANGE,60,FALSE)+VLOOKUP(A99,INPUT_RANGE,59,FALSE))/(VLOOKUP(A99,INPUT_RANGE,52,FALSE)+VLOOKUP(A99,INPUT_RANGE,60,FALSE)+VLOOKUP(A99,INPUT_RANGE,59,FALSE)+VLOOKUP(A99,INPUT_RANGE,63,FALSE))) -> #N/A | AY99: =(VLOOKUP(A99,INPUT_RANGE,54)+VLOOKUP(A99,INPUT_RANGE,55)+(VLOOKUP(A99,INPUT_RANGE,56)*2)+(VLOOKUP(A99,INPUT_RANGE,57)*3))/(VLOOKUP(A99,INPUT_RANGE,52)) -> 0.44444444 | AZ99: =AX99+AY99 -> #N/A | BA99: =TEXT(AZ99,".000") & " OPS" -> #N/A | BB99: =VLOOKUP(A99,INPUT_RANGE,78,FALSE) -> #N/A | BC99: =VLOOKUP(A99,INPUT_RANGE,77,FALSE) -> #N/A | BD99: =VLOOKUP(A99,INPUT_RANGE,75,FALSE) & "-" & VLOOKUP(A99,INPUT_RANGE,76,FALSE) -> #N/A | BE99: =AU99 -> #N/A | BF99: =AA99 -> #N/A | BG99: =VLOOKUP(A99,INPUT_RANGE,86,FALSE) -> #N/A | BH99: =VLOOKUP(A99,INPUT_RANGE,87,FALSE) -> #N/A | BI99: =VLOOKUP(A99,INPUT_RANGE,81,FALSE) & " SAVES" -> #N/A | BJ99: =VLOOKUP(A99,INPUT_RANGE,81,FALSE) -> #N/A | BK99: =VLOOKUP(A99,INPUT_RANGE,83,FALSE) -> #N/A | BL99: =VLOOKUP(A99,INPUT_RANGE,87,FALSE) & "/" & VLOOKUP(A99,INPUT_RANGE,86,FALSE) -> #N/A | BM99: =ROUND((VLOOKUP(A99,INPUT_RANGE,86,FALSE)+VLOOKUP(A99,INPUT_RANGE,83,FALSE))/AS99,2) -> #N/A
A100: 99 | B100: 00 | C100: =Roster!$X102 -> - - | D100: =BA100 -> #N/A | F100: =M100 -> #N/A | H100: =T100 -> #N/A | J100: =N100 -> #N/A | M100: =TEXT(AW100,".000") & " BA" -> #N/A | N100: =VLOOKUP(A100,INPUT_RANGE,58,FALSE) & " RBI" -> #N/A | O100: =VLOOKUP(A100,INPUT_RANGE,60,FALSE) & " BB" -> #N/A | P100: =VLOOKUP(A100,INPUT_RANGE,61,FALSE) & " K" -> #N/A | Q100: =VLOOKUP(A100,INPUT_RANGE,64,FALSE) & " SB" -> #N/A | R100: =VLOOKUP(A100,INPUT_RANGE,55,FALSE) & " 2B" -> #N/A | S100: =VLOOKUP(A100,INPUT_RANGE,56,FALSE) & " 3B" -> #N/A | T100: =VLOOKUP(A100,INPUT_RANGE,57,FALSE) & " HR" -> #N/A | U100: =VLOOKUP(A100,INPUT_RANGE,53,FALSE) & " R" -> #N/A | V100: =TEXT(AX100, ".000") & " OBP" -> #N/A | X100: =VLOOKUP(A100,INPUT_RANGE,77,FALSE)&" games" -> #N/A | Y100: =VLOOKUP(A100,INPUT_RANGE,78,FALSE) & " starts" -> #N/A | Z100: =VLOOKUP(A100,INPUT_RANGE,82,FALSE) & " IP" -> #N/A | AA100: =TRUNC(VLOOKUP(A100,INPUT_RANGE,82,FALSE)) & IF(AR100=0.333,"º",IF(AR100=0.666,"»","")) -> #N/A | AB100: =AA100& " IP" -> #N/A | AC100: =VLOOKUP(A100,INPUT_RANGE,79,FALSE) & " CG" -> #N/A | AD100: =VLOOKUP(A100,INPUT_RANGE,80,FALSE) & " SHO" -> #N/A | AE100: =VLOOKUP(A100,INPUT_RANGE,75,FALSE) & " Win" -> #N/A | AF100: =VLOOKUP(A100,INPUT_RANGE,76,FALSE) & " Loss" -> #N/A | AG100: =VLOOKUP(A100,INPUT_RANGE,75,FALSE) & "-" & VLOOKUP(A100,INPUT_RANGE,76,FALSE) & " W-L" -> #N/A | AH100: =VLOOKUP(A100,INPUT_RANGE,81,FALSE)& " Saves" -> #N/A | AI100: =VLOOKUP(A100,INPUT_RANGE,83,FALSE) & " H" -> #N/A | AJ100: =VLOOKUP(A100,INPUT_RANGE,84,FALSE) & " R" -> #N/A | AK100: =VLOOKUP(A100,INPUT_RANGE,85,FALSE) &" ER" -> #N/A | AL100: =VLOOKUP(A100,INPUT_RANGE,88,FALSE) &" HR" -> #N/A | AM100: =VLOOKUP(A100,INPUT_RANGE,87,FALSE) & " K" -> #N/A | AN100: =VLOOKUP(A100,INPUT_RANGE,86,FALSE) & " BB" -> #N/A | AO100: =TEXT(AU100,"0.00") & " ERA" -> #N/A | AP100: =TEXT(AT100,"0.00") & " WHIP" -> #N/A | AQ100: =IF(LEFT(RIGHT((VLOOKUP(A100,INPUT_RANGE,82,FALSE)),2),1)=".",RIGHT(VLOOKUP(A100,INPUT_RANGE,82,FALSE),1), "X") -> #N/A | AR100: =IF(AQ100 ="1",0.333,IF(AQ100="2",0.666,0)) -> #N/A | AS100: =VLOOKUP(A100,INPUT_RANGE,82,FALSE)-(AQ100*0.1)+AR100 -> #N/A | AT100: =ROUND((VLOOKUP(A100,INPUT_RANGE,86,FALSE)+VLOOKUP(A100,INPUT_RANGE,83,FALSE))/AS100,2) -> #N/A | AU100: =ROUND((VLOOKUP(A100,INPUT_RANGE,85,FALSE)/AS100)*('Team Info'!$H$25),2) -> #N/A | AW100: =(VLOOKUP(A100,INPUT_RANGE,54,FALSE)/VLOOKUP(A100,INPUT_RANGE,52,FALSE)) -> #N/A | AX100: =((VLOOKUP(A100,INPUT_RANGE,54,FALSE)+VLOOKUP(A100,INPUT_RANGE,60,FALSE)+VLOOKUP(A100,INPUT_RANGE,59,FALSE))/(VLOOKUP(A100,INPUT_RANGE,52,FALSE)+VLOOKUP(A100,INPUT_RANGE,60,FALSE)+VLOOKUP(A100,INPUT_RANGE,59,FALSE)+VLOOKUP(A100,INPUT_RANGE,63,FALSE))) -> #N/A | AY100: =(VLOOKUP(A100,INPUT_RANGE,54)+VLOOKUP(A100,INPUT_RANGE,55)+(VLOOKUP(A100,INPUT_RANGE,56)*2)+(VLOOKUP(A100,INPUT_RANGE,57)*3))/(VLOOKUP(A100,INPUT_RANGE,52)) -> 0.44444444 | AZ100: =AX100+AY100 -> #N/A | BA100: =TEXT(AZ100,".000") & " OPS" -> #N/A | BB100: =VLOOKUP(A100,INPUT_RANGE,78,FALSE) -> #N/A | BC100: =VLOOKUP(A100,INPUT_RANGE,77,FALSE) -> #N/A | BD100: =VLOOKUP(A100,INPUT_RANGE,75,FALSE) & "-" & VLOOKUP(A100,INPUT_RANGE,76,FALSE) -> #N/A | BE100: =AU100 -> #N/A | BF100: =AA100 -> #N/A | BG100: =VLOOKUP(A100,INPUT_RANGE,86,FALSE) -> #N/A | BH100: =VLOOKUP(A100,INPUT_RANGE,87,FALSE) -> #N/A | BI100: =VLOOKUP(A100,INPUT_RANGE,81,FALSE) & " SAVES" -> #N/A | BJ100: =VLOOKUP(A100,INPUT_RANGE,81,FALSE) -> #N/A | BK100: =VLOOKUP(A100,INPUT_RANGE,83,FALSE) -> #N/A | BL100: =VLOOKUP(A100,INPUT_RANGE,87,FALSE) & "/" & VLOOKUP(A100,INPUT_RANGE,86,FALSE) -> #N/A | BM100: =ROUND((VLOOKUP(A100,INPUT_RANGE,86,FALSE)+VLOOKUP(A100,INPUT_RANGE,83,FALSE))/AS100,2) -> #N/A
AU101: =ROUND((VLOOKUP(A101,INPUT_RANGE,85,FALSE)/AS101)*('Team Info'!$H$25),2) -> #N/A
AU102: =ROUND((VLOOKUP(A102,INPUT_RANGE,85,FALSE)/AS102)*('Team Info'!$H$25),2) -> #N/A
A103: Enter Player 0/00 info below. It will autofill rows 90 & 99. | AU103: =ROUND((VLOOKUP(A103,INPUT_RANGE,85,FALSE)/AS103)*('Team Info'!$H$25),2) -> #N/A
A104: 0 | B104: 00 | C104: =Roster!$X102 -> - - | D104: =BA100 -> #N/A | F104: =M104 -> #N/A | H104: =T104 -> #N/A | J104: =N104 -> #N/A | M104: =TEXT(AW104,".000") & " BA" -> #N/A | N104: =VLOOKUP(A104,INPUT_RANGE,58,FALSE) & " RBI" -> #N/A | O104: =VLOOKUP(A104,INPUT_RANGE,60,FALSE) & " BB" -> #N/A | P104: =VLOOKUP(A104,INPUT_RANGE,61,FALSE) & " K" -> #N/A | Q104: =VLOOKUP(A104,INPUT_RANGE,64,FALSE) & " SB" -> #N/A | R104: =VLOOKUP(A104,INPUT_RANGE,55,FALSE) & " 2B" -> #N/A | S104: =VLOOKUP(A104,INPUT_RANGE,56,FALSE) & " 3B" -> #N/A | T104: =VLOOKUP(A104,INPUT_RANGE,57,FALSE) & " HR" -> #N/A | U104: =VLOOKUP(A104,INPUT_RANGE,53,FALSE) & " R" -> #N/A | V104: =TEXT(AX104, ".000") & " OBP" -> #N/A | X104: =VLOOKUP(A104,INPUT_RANGE,77,FALSE)&" games" -> #N/A | Y104: =VLOOKUP(A104,INPUT_RANGE,78,FALSE) & " starts" -> #N/A | Z104: =VLOOKUP(A104,INPUT_RANGE,82,FALSE) & " IP" -> #N/A | AA104: =TRUNC(VLOOKUP(A104,INPUT_RANGE,82,FALSE)) & IF(AR104=0.333,"º",IF(AR104=0.666,"»","")) -> #N/A | AB104: =AA104& " IP" -> #N/A | AC104: =VLOOKUP(A104,INPUT_RANGE,79,FALSE) & " CG" -> #N/A | AD104: =VLOOKUP(A104,INPUT_RANGE,80,FALSE) & " SHO" -> #N/A | AE104: =VLOOKUP(A104,INPUT_RANGE,75,FALSE) & " Win" -> #N/A | AF104: =VLOOKUP(A104,INPUT_RANGE,76,FALSE) & " Loss" -> #N/A | AG104: =VLOOKUP(A104,INPUT_RANGE,75,FALSE) & "-" & VLOOKUP(A104,INPUT_RANGE,76,FALSE) & " W-L" -> #N/A | AH104: =VLOOKUP(A104,INPUT_RANGE,81,FALSE)& " Saves" -> #N/A | AI104: =VLOOKUP(A104,INPUT_RANGE,83,FALSE) & " H" -> #N/A | AJ104: =VLOOKUP(A104,INPUT_RANGE,84,FALSE) & " R" -> #N/A | AK104: =VLOOKUP(A104,INPUT_RANGE,85,FALSE) &" ER" -> #N/A | AL104: =VLOOKUP(A104,INPUT_RANGE,88,FALSE) &" HR" -> #N/A | AM104: =VLOOKUP(A104,INPUT_RANGE,87,FALSE) & " K" -> #N/A | AN104: =VLOOKUP(A104,INPUT_RANGE,86,FALSE) & " BB" -> #N/A | AO104: =TEXT(AU104,"0.00") & " ERA" -> #N/A | AP104: =TEXT(AT104,"0.00") & " WHIP" -> #N/A | AQ104: =IF(LEFT(RIGHT((VLOOKUP(A104,INPUT_RANGE,82,FALSE)),2),1)=".",RIGHT(VLOOKUP(A104,INPUT_RANGE,82,FALSE),1), "X") -> #N/A | AR104: =IF(AQ104 ="1",0.333,IF(AQ104="2",0.666,0)) -> #N/A | AS104: =VLOOKUP(A104,INPUT_RANGE,82,FALSE)-(AQ104*0.1)+AR104 -> #N/A | AT104: =ROUND((VLOOKUP(A104,INPUT_RANGE,86,FALSE)+VLOOKUP(A104,INPUT_RANGE,83,FALSE))/AS104,2) -> #N/A | AU104: =ROUND((VLOOKUP(A104,INPUT_RANGE,85,FALSE)/AS104)*('Team Info'!$H$25),2) -> #N/A | AW104: =(VLOOKUP(A104,INPUT_RANGE,54,FALSE)/VLOOKUP(A104,INPUT_RANGE,52,FALSE)) -> #N/A | AX104: =((VLOOKUP(A104,INPUT_RANGE,54,FALSE)+VLOOKUP(A104,INPUT_RANGE,60,FALSE)+VLOOKUP(A104,INPUT_RANGE,59,FALSE))/(VLOOKUP(A104,INPUT_RANGE,52,FALSE)+VLOOKUP(A104,INPUT_RANGE,60,FALSE)+VLOOKUP(A104,INPUT_RANGE,59,FALSE)+VLOOKUP(A104,INPUT_RANGE,63,FALSE))) -> #N/A | AY104: =(VLOOKUP(A104,INPUT_RANGE,54)+VLOOKUP(A104,INPUT_RANGE,55)+(VLOOKUP(A104,INPUT_RANGE,56)*2)+(VLOOKUP(A104,INPUT_RANGE,57)*3))/(VLOOKUP(A104,INPUT_RANGE,52)) -> #N/A | AZ104: =AX104+AY104 -> #N/A | BA104: =TEXT(AZ104,".000") & " OPS" -> #N/A | BB104: =VLOOKUP(A104,INPUT_RANGE,78,FALSE) -> #N/A | BC104: =VLOOKUP(A104,INPUT_RANGE,77,FALSE) -> #N/A | BD104: =VLOOKUP(A104,INPUT_RANGE,75,FALSE) & "-" & VLOOKUP(A104,INPUT_RANGE,76,FALSE) -> #N/A | BE104: =AU104 -> #N/A | BF104: =AA104 -> #N/A | BG104: =VLOOKUP(A104,INPUT_RANGE,86,FALSE) -> #N/A | BH104: =VLOOKUP(A104,INPUT_RANGE,87,FALSE) -> #N/A | BI104: =VLOOKUP(A104,INPUT_RANGE,81,FALSE) & " SAVES" -> #N/A | BJ104: =VLOOKUP(A104,INPUT_RANGE,81,FALSE) -> #N/A | BK104: =VLOOKUP(A104,INPUT_RANGE,83,FALSE) -> #N/A | BL104: =VLOOKUP(A104,INPUT_RANGE,87,FALSE) & "/" & VLOOKUP(A104,INPUT_RANGE,86,FALSE) -> #N/A | BM104: =ROUND((VLOOKUP(A104,INPUT_RANGE,86,FALSE)+VLOOKUP(A104,INPUT_RANGE,83,FALSE))/AS104,2) -> #N/A

Sheet Upcoming Schedule
A1: PROMOS/SCHEDULES | I1: NETWORK_LOGO_PATH
A2: Title | B2: TITLE
A3: Subtitle | B3: Upcoming Schedule | D3: **THESE SHOULD ALL BE FILLED IN WITH CAPS**
A4: Upcoming TV Games | B4: at | C4: OPPONENT | D4: DATE | E4: TIME | F4: NETWORK LOGO | G4: LOGO SWATCH | I4: ="D:\IMS Images\Network\Primary\" -> D:\IMS Images\Network\Primary\ | K4: SCHED_NETWORK
A5: 1 | C5: ALABAMA | D5: MAY 13-15 | F5: ESPN_BLACK | G5: ALABAMA | K5: =$I$4&F5&".png" -> D:\IMS Images\Network\Primary\ESPN_BLACK.png
A6: 2 | C6: FLORIDA | D6: MAY 20 | F6: ESPN2_BLACK | G6: FLORIDA | K6: =$I$4&F6&".png" -> D:\IMS Images\Network\Primary\ESPN2_BLACK.png
A7: 3 | C7: GEORGIA | D7: MAY 22-26 | F7: SEC_NETWORK_BLACK | G7: GEORGIA | I7: Title | K7: =$I$4&F7&".png" -> D:\IMS Images\Network\Primary\SEC_NETWORK_BLACK.png
A8: 4 | C8: DAYTON | D8: MAY 27-28 | F8: SEC_NETWORK+_BLACK | G8: DAYTON | I8: =B2 -> TITLE | K8: =$I$4&F8&".png" -> D:\IMS Images\Network\Primary\SEC_NETWORK+_BLACK.png
A9: 5 | C9: STEPHEN F. AUSTIN | D9: 43983 | F9: BIG12NOW-ESPN+_VERT_BLACK | G9: STEPHEN_F_AUSTIN | I9: Subtitle | K9: =$I$4&F9&".png" -> D:\IMS Images\Network\Primary\BIG12NOW-ESPN+_VERT_BLACK.png
A10: 6 | I10: =B3 -> Upcoming Schedule | K10: =$I$4&F10&".png" -> D:\IMS Images\Network\Primary\.png
A11: 7 | K11: =$I$4&F11&".png" -> D:\IMS Images\Network\Primary\.png
A12: 8 | K12: =$I$4&F12&".png" -> D:\IMS Images\Network\Primary\.png
A13: 9 | K13: =$I$4&F13&".png" -> D:\IMS Images\Network\Primary\.png
A14: 10 | K14: =$I$4&F14&".png" -> D:\IMS Images\Network\Primary\.png
A15: 11 | K15: =$I$4&F15&".png" -> D:\IMS Images\Network\Primary\.png
A16: 12 | K16: =$I$4&F16&".png" -> D:\IMS Images\Network\Primary\.png
B17: *FOR XPN GAMES FILL IN THE "AT" OR "VS" INFO INSIDE OF THE "OPPONENT" COLUMN
A20: AWAY: 4102 FS | B20: HOME: 4202 FS
A21: 4101 SLAB | B21: 4201 SLAB

Sheet Team Heroes
A1: Save Ranges | B1: TEAM HEADER INFO | C1: TEAM INFO LINE 1 | D1: TEAM 1 LINE DROP | F1: TEAM 2-LINE HEADER | G1: TEAM 2-LINE INFO LINE 1 | H1: TEAM 2-LINE INFO LINE 2 | I1: TEAM 2 LINE DROP
A2: =IF('Team Info'!$B$2 = "Away",4150,4250) -> 4250 | B2: TEAM HEADER INFO HERE | C2: 1-Line Team lower third | D2: Dropline goes here | F2: TEAM 2-LINE HEADER | G2: Line 1 of 2 | H2: Line 2 of 2
A3: =A2+1 -> 4251 | F3: TEAM HEADER INFO HERE | G3: Line 2 | H3: Line 2
A4: =A3+1 -> 4252 | F4: TEAM HEADER INFO HERE | G4: Line 3 | H4: Line 3
A5: =A4+1 -> 4253 | F5: TEAM HEADER INFO HERE | G5: Line 4 | H5: Line 4
A6: =A5+1 -> 4254 | F6: TEAM HEADER INFO HERE | G6: Line 5 | H6: Line 5
A7: =A6+1 -> 4255 | F7: TEAM HEADER INFO HERE | G7: Line 6 | H7: Line 6
A8: =A7+1 -> 4256 | F8: TEAM HEADER INFO HERE | G8: Line 7 | H8: Line 7
A9: =A8+1 -> 4257 | F9: TEAM HEADER INFO HERE | G9: Line 8 | H9: Line 8
A10: =A9+1 -> 4258 | F10: TEAM HEADER INFO HERE | G10: Line 9 | H10: Line 9
A11: =A10+1 -> 4259 | F11: TEAM HEADER INFO HERE | G11: Line 10 | H11: Line 10
A12: =A11+1 -> 4260 | F12: TEAM HEADER INFO HERE | G12: Line 10 | H12: Line 10
A13: =A12+1 -> 4261 | F13: TEAM HEADER INFO HERE | G13: Line 10 | H13: Line 10
A14: =A13+1 -> 4262 | F14: TEAM HEADER INFO HERE | G14: Line 10 | H14: Line 10
... A21: =A20+1 -> 4269 | F21: TEAM HEADER INFO HERE | G21: Line 10 | H21: Line 10
A22: =A21+1 -> 4270 | B22: TEAM HEADER INFO HERE | C22: Line 10 | F22: TEAM HEADER INFO HERE | G22: Line 10 | H22: Line 10
A23: =A22+1 -> 4271 | B23: TEAM HEADER INFO HERE | C23: Line 10 | F23: TEAM HEADER INFO HERE | G23: Line 10 | H23: Line 10
A24: =A23+1 -> 4272 | B24: TEAM HEADER INFO HERE | C24: Line 10 | F24: TEAM HEADER INFO HERE | G24: Line 10 | H24: Line 10
A25: =A24+1 -> 4273 | B25: TEAM HEADER INFO HERE | C25: Line 10 | F25: TEAM HEADER INFO HERE | G25: Line 10 | H25: Line 10
A26: =A25+1 -> 4274 | B26: TEAM HEADER INFO HERE | C26: Line 10 | F26: TEAM HEADER INFO HERE | G26: Line 10 | H26: Line 10
A27: =A26+1 -> 4275 | B27: TEAM HEADER INFO HERE | C27: Line 10 | F27: TEAM HEADER INFO HERE | G27: Line 10 | H27: Line 10
A28: =A27+1 -> 4276 | B28: TEAM HEADER INFO HERE | C28: Line 10 | F28: TEAM HEADER INFO HERE | G28: Line 10 | H28: Line 10
A29: =A28+1 -> 4277 | B29: TEAM HEADER INFO HERE | C29: Line 10 | F29: TEAM HEADER INFO HERE | G29: Line 10 | H29: Line 10
A30: =A29+1 -> 4278 | B30: TEAM HEADER INFO HERE | C30: Line 10 | F30: TEAM HEADER INFO HERE | G30: Line 10 | H30: Line 10
A31: =A30+1 -> 4279 | B31: TEAM HEADER INFO HERE | C31: Line 10 | F31: TEAM HEADER INFO HERE | G31: Line 10 | H31: Line 10
A32: =A31+1 -> 4280 | B32: TEAM HEADER INFO HERE | C32: Line 10 | F32: TEAM HEADER INFO HERE | G32: Line 10 | H32: Line 10
A33: =A32+1 -> 4281 | B33: TEAM HEADER INFO HERE | C33: Line 10 | F33: TEAM HEADER INFO HERE | G33: Line 10 | H33: Line 10
... A52: =A51+1 -> 4300 | B52: TEAM HEADER INFO HERE | C52: Line 10 | F52: TEAM HEADER INFO HERE | G52: Line 10 | H52: Line 10
F53: TEAM HEADER INFO HERE | G53: Line 10 | H53: Line 10
F54: TEAM HEADER INFO HERE | G54: Line 10 | H54: Line 10
F55: TEAM HEADER INFO HERE | G55: Line 10 | H55: Line 10
F56: TEAM HEADER INFO HERE | G56: Line 10 | H56: Line 10
F57: TEAM HEADER INFO HERE | G57: Line 10 | H57: Line 10
F58: TEAM HEADER INFO HERE | G58: Line 10 | H58: Line 10
F59: TEAM HEADER INFO HERE | G59: Line 10 | H59: Line 10
F60: TEAM HEADER INFO HERE | G60: Line 10 | H60: Line 10
F61: TEAM HEADER INFO HERE | G61: Line 10 | H61: Line 10
F62: TEAM HEADER INFO HERE | G62: Line 10 | H62: Line 10
F63: TEAM HEADER INFO HERE | G63: Line 10 | H63: Line 10
F64: TEAM HEADER INFO HERE | G64: Line 10 | H64: Line 10
... F99: TEAM HEADER INFO HERE | G99: Line 10 | H99: Line 10

Sheet Team Users
A1: TEAM USER MESSAGES | B1: 2 LINE USERS (5160-69 AWAY / 5260-69 HOME)
A2: Save # | C2: USER TEXT (UpperLower) | E2: # of lines (1 or 2)
A3: =IF('Team Info'!$B$2 = "Away",4160,4260) -> 4260 | B3: LINE 1 | C3: Test Line 1 text | E3: =IF($C4 = "",1,2) -> 2
B4: LINE 2 | C4: AwayTeam Line 2 Text
A5: =A3+1 -> 4261 | B5: LINE 1 | C5: 4161 top line text here | E5: =IF($C6 = "",1,2) -> 2
B6: LINE 2 | C6: Away 4161 bottom line text here
A7: =A3+2 -> 4262 | B7: LINE 1 | C7: 4162 top line text here | E7: =IF($C8 = "",1,2) -> 2
B8: LINE 2 | C8: Away 4162 bottom line text here
A9: =A3+3 -> 4263 | B9: LINE 1 | C9: Test 4163 1 line only | E9: =IF($C10 = "",1,2) -> 1
B10: LINE 2
A11: =A3+4 -> 4264 | B11: LINE 1 | E11: =IF($C12 = "",1,2) -> 1
B12: LINE 2
A13: =A3+5 -> 4265 | B13: LINE 1 | E13: =IF($C14 = "",1,2) -> 1
B14: LINE 2
A15: =A3+6 -> 4266 | B15: LINE 1 | E15: =IF($C16 = "",1,2) -> 1
B16: LINE 2
A17: =A3+7 -> 4267 | B17: LINE 1 | E17: =IF($C18 = "",1,2) -> 1
B18: LINE 2
A19: =A3+8 -> 4268 | B19: LINE 1 | E19: =IF($C20 = "",1,2) -> 1
B20: LINE 2
A21: =A3+9 -> 4269 | B21: LINE 1 | C21: 4169 top line text here | E21: =IF($C22 = "",1,2) -> 2
B22: LINE 2 | C22: Away 4169 bottom line text here
A23: ** MAKE SURE YOU SELECT AWAY OR HOME ON THE TEAM INFO TAB (CELL B2) **

Sheet Player Heroes
B1: Player Heroes - Away: 81xx /Home: 82xx | G1: CAPS | I1: CAPS | J1: CAPS
B2: Display | C2: First Name | D2: Last Name | E2: POS | G2: HEADER | I2: 1 LINE HERO | J2: 1 LINE DROP
A3: 1 | B3: =Roster!B4 -> 1 | C3: =Roster!C4 -> Firstname | D3: =Roster!D4 -> Lastname | E3: =Roster!E4 -> P | G3: THIS IS THE HEADER | I3: HERE IS TEST INFORMATION | J3: DROPLINE TEXT GOES HERE
A4: 2 | B4: =Roster!B5 -> 2 | C4: =Roster!C5 -> Firstname | D4: =Roster!D5 -> LastName | E4: =Roster!E5 -> SS
A5: 3 | B5: =Roster!B6 -> 3 | C5: =Roster!C6 -> - | D5: =Roster!D6 -> - | E5: =Roster!E6 -> -
A6: 4 | B6: =Roster!B7 -> 4 | C6: =Roster!C7 -> - | D6: =Roster!D7 -> - | E6: =Roster!E7 -> -
A7: 5 | B7: =Roster!B8 -> 5 | C7: =Roster!C8 -> - | D7: =Roster!D8 -> - | E7: =Roster!E8 -> -
A8: 6 | B8: =Roster!B9 -> 6 | C8: =Roster!C9 -> - | D8: =Roster!D9 -> - | E8: =Roster!E9 -> -
A9: 7 | B9: =Roster!B10 -> 7 | C9: =Roster!C10 -> - | D9: =Roster!D10 -> - | E9: =Roster!E10 -> -
A10: 8 | B10: =Roster!B11 -> 8 | C10: =Roster!C11 -> - | D10: =Roster!D11 -> - | E10: =Roster!E11 -> -
A11: 9 | B11: =Roster!B12 -> 9 | C11: =Roster!C12 -> - | D11: =Roster!D12 -> - | E11: =Roster!E12 -> -
A12: 10 | B12: =Roster!B13 -> 10 | C12: =Roster!C13 -> - | D12: =Roster!D13 -> - | E12: =Roster!E13 -> -
A13: 11 | B13: =Roster!B14 -> 11 | C13: =Roster!C14 -> - | D13: =Roster!D14 -> - | E13: =Roster!E14 -> -
A14: 12 | B14: =Roster!B15 -> 12 | C14: =Roster!C15 -> - | D14: =Roster!D15 -> - | E14: =Roster!E15 -> -
A15: 13 | B15: =Roster!B16 -> 13 | C15: =Roster!C16 -> - | D15: =Roster!D16 -> - | E15: =Roster!E16 -> -
... A91: 89 | B91: =Roster!B92 -> 89 | C91: =Roster!C92 -> - | D91: =Roster!D92 -> - | E91: =Roster!E92 -> -
A92: 90 | B92: =Roster!B93 -> 0 | C92: =C$104 -> - | D92: =D$104 -> - | E92: =E$104 -> - | G92: =G$104 -> 0 | I92: =I$104 -> 0 | J92: =J$104 -> 0
A93: 91 | B93: =Roster!B94 -> 91 | C93: =Roster!C94 -> - | D93: =Roster!D94 -> - | E93: =Roster!E94 -> -
A94: 92 | B94: =Roster!B95 -> 92 | C94: =Roster!C95 -> - | D94: =Roster!D95 -> - | E94: =Roster!E95 -> -
A95: 93 | B95: =Roster!B96 -> 93 | C95: =Roster!C96 -> - | D95: =Roster!D96 -> - | E95: =Roster!E96 -> -
A96: 94 | B96: =Roster!B97 -> 94 | C96: =Roster!C97 -> - | D96: =Roster!D97 -> - | E96: =Roster!E97 -> -
A97: 95 | B97: =Roster!B98 -> 95 | C97: =Roster!C98 -> - | D97: =Roster!D98 -> - | E97: =Roster!E98 -> -
A98: 96 | B98: =Roster!B99 -> 96 | C98: =Roster!C99 -> - | D98: =Roster!D99 -> - | E98: =Roster!E99 -> -
A99: 97 | B99: =Roster!B100 -> 97 | C99: =Roster!C100 -> - | D99: =Roster!D100 -> - | E99: =Roster!E100 -> -
A100: 98 | B100: =Roster!B101 -> 98 | C100: =Roster!C101 -> - | D100: =Roster!D101 -> - | E100: =Roster!E101 -> -
A101: 99 | B101: =Roster!B102 -> 00 | C101: =C$104 -> - | D101: =D$104 -> - | E101: =E$104 -> - | G101: =G$104 -> 0 | I101: =I$104 -> 0 | J101: =J$104 -> 0
A103: Enter Player 0/00 info below. It will autofill rows 90 & 99.
B104: =Roster!B105 -> 0 | C104: =Roster!C102 -> - | D104: =Roster!D102 -> - | E104: =Roster!E102 -> -
A107: 1-Line & 1-Line w/Drop Instructions (7300s - Away & 8300s - Home)
A108: *For Header, enter the data into column G.
A109: *For 1-Line player L3rds, enter the data into column I.
A110: *For 1-Line player L3rds w/dropline, enter the data into column I and J.

Sheet Player Users
B1: Player Users | F1: Away: 85xx / Home: 86xx
B2: Display | C2: First Name | D2: Last Name | E2: POS | F2: User Text Line 1 (Upper Lower) | H2: User Text Line 2 (Upper Lower) | J2: # of lines (1 or 2)
A3: 1 | B3: =Roster!B4 -> 1 | C3: =Roster!C4 -> Firstname | D3: =Roster!D4 -> Lastname | E3: =Roster!E4 -> P | F3: Player 1 Line 1 text | H3: Player 1 Line 2 text | J3: =IF($H3 = "",1,2) -> 2
A4: 2 | B4: =Roster!B5 -> 2 | C4: =Roster!C5 -> Firstname | D4: =Roster!D5 -> LastName | E4: =Roster!E5 -> SS | F4: Only 1 line of text on Player 2 | H4: 222 | J4: =IF($H4 = "",1,2) -> 2
A5: 3 | B5: =Roster!B6 -> 3 | C5: =Roster!C6 -> - | D5: =Roster!D6 -> - | E5: =Roster!E6 -> - | F5: ccc | H5: 333 | J5: =IF($H5 = "",1,2) -> 2
A6: 4 | B6: =Roster!B7 -> 4 | C6: =Roster!C7 -> - | D6: =Roster!D7 -> - | E6: =Roster!E7 -> - | F6: dddd | H6: 444 | J6: =IF($H6 = "",1,2) -> 2
A7: 5 | B7: =Roster!B8 -> 5 | C7: =Roster!C8 -> - | D7: =Roster!D8 -> - | E7: =Roster!E8 -> - | F7: eee | H7: 555 | J7: =IF($H7 = "",1,2) -> 2
A8: 6 | B8: =Roster!B9 -> 6 | C8: =Roster!C9 -> - | D8: =Roster!D9 -> - | E8: =Roster!E9 -> - | F8: fff | H8: 666 | J8: =IF($H8 = "",1,2) -> 2
A9: 7 | B9: =Roster!B10 -> 7 | C9: =Roster!C10 -> - | D9: =Roster!D10 -> - | E9: =Roster!E10 -> - | J9: =IF($H9 = "",1,2) -> 1
A10: 8 | B10: =Roster!B11 -> 8 | C10: =Roster!C11 -> - | D10: =Roster!D11 -> - | E10: =Roster!E11 -> - | J10: =IF($H10 = "",1,2) -> 1
A11: 9 | B11: =Roster!B12 -> 9 | C11: =Roster!C12 -> - | D11: =Roster!D12 -> - | E11: =Roster!E12 -> - | J11: =IF($H11 = "",1,2) -> 1
A12: 10 | B12: =Roster!B13 -> 10 | C12: =Roster!C13 -> - | D12: =Roster!D13 -> - | E12: =Roster!E13 -> - | J12: =IF($H12 = "",1,2) -> 1
A13: 11 | B13: =Roster!B14 -> 11 | C13: =Roster!C14 -> - | D13: =Roster!D14 -> - | E13: =Roster!E14 -> - | J13: =IF($H13 = "",1,2) -> 1
A14: 12 | B14: =Roster!B15 -> 12 | C14: =Roster!C15 -> - | D14: =Roster!D15 -> - | E14: =Roster!E15 -> - | J14: =IF($H14 = "",1,2) -> 1
A15: 13 | B15: =Roster!B16 -> 13 | C15: =Roster!C16 -> - | D15: =Roster!D16 -> - | E15: =Roster!E16 -> - | J15: =IF($H15 = "",1,2) -> 1
A16: 14 | B16: =Roster!B17 -> 14 | C16: =Roster!C17 -> - | D16: =Roster!D17 -> - | E16: =Roster!E17 -> - | J16: =IF($H16 = "",1,2) -> 1
A17: 15 | B17: =Roster!B18 -> 15 | C17: =Roster!C18 -> - | D17: =Roster!D18 -> - | E17: =Roster!E18 -> - | J17: =IF($H17 = "",1,2) -> 1
A18: 16 | B18: =Roster!B19 -> 16 | C18: =Roster!C19 -> - | D18: =Roster!D19 -> - | E18: =Roster!E19 -> - | J18: =IF($H18 = "",1,2) -> 1
A19: 17 | B19: =Roster!B20 -> 17 | C19: =Roster!C20 -> - | D19: =Roster!D20 -> - | E19: =Roster!E20 -> - | J19: =IF($H19 = "",1,2) -> 1
A20: 18 | B20: =Roster!B21 -> 18 | C20: =Roster!C21 -> - | D20: =Roster!D21 -> - | E20: =Roster!E21 -> - | J20: =IF($H20 = "",1,2) -> 1
... A91: 89 | B91: =Roster!B92 -> 89 | C91: =Roster!C92 -> - | D91: =Roster!D92 -> - | E91: =Roster!E92 -> - | J91: =IF($H91 = "",1,2) -> 1
A92: 90 | B92: =Roster!B93 -> 0 | C92: =C$104 -> - | D92: =D$104 -> - | E92: =E$104 -> - | F92: =F$104 -> dddd | H92: =H$104 -> ssss | J92: =IF($H92 = "",1,2) -> 2
A93: 91 | B93: =Roster!B94 -> 91 | C93: =Roster!C94 -> - | D93: =Roster!D94 -> - | E93: =Roster!E94 -> - | J93: =IF($H93 = "",1,2) -> 1
A94: 92 | B94: =Roster!B95 -> 92 | C94: =Roster!C95 -> - | D94: =Roster!D95 -> - | E94: =Roster!E95 -> - | J94: =IF($H94 = "",1,2) -> 1
A95: 93 | B95: =Roster!B96 -> 93 | C95: =Roster!C96 -> - | D95: =Roster!D96 -> - | E95: =Roster!E96 -> - | J95: =IF($H95 = "",1,2) -> 1
A96: 94 | B96: =Roster!B97 -> 94 | C96: =Roster!C97 -> - | D96: =Roster!D97 -> - | E96: =Roster!E97 -> - | J96: =IF($H96 = "",1,2) -> 1
A97: 95 | B97: =Roster!B98 -> 95 | C97: =Roster!C98 -> - | D97: =Roster!D98 -> - | E97: =Roster!E98 -> - | J97: =IF($H97 = "",1,2) -> 1
A98: 96 | B98: =Roster!B99 -> 96 | C98: =Roster!C99 -> - | D98: =Roster!D99 -> - | E98: =Roster!E99 -> - | J98: =IF($H98 = "",1,2) -> 1
A99: 97 | B99: =Roster!B100 -> 97 | C99: =Roster!C100 -> - | D99: =Roster!D100 -> - | E99: =Roster!E100 -> - | J99: =IF($H99 = "",1,2) -> 1
A100: 98 | B100: =Roster!B101 -> 98 | C100: =Roster!C101 -> - | D100: =Roster!D101 -> - | E100: =Roster!E101 -> - | J100: =IF($H100 = "",1,2) -> 1
A101: 99 | B101: =Roster!B102 -> 00 | C101: =C$104 -> - | D101: =D$104 -> - | E101: =E$104 -> - | F101: =F$104 -> dddd | H101: =H$104 -> ssss | J101: =IF($H101 = "",1,2) -> 2
A103: Enter Player 0/00 info below. It will autofill rows 90 & 99.
B104: =Roster!B105 -> 0 | C104: =Roster!C102 -> - | D104: =Roster!D102 -> - | E104: =Roster!E102 -> - | F104: dddd | H104: ssss | J104: 1

Sheet LOGOS
A1: TEAM_LOGOS | C1: CONFERENCE_LOGOS | E1: NETWORK_LOGOS | F1: NETWORK_LOGOS_WHITE | G1: NETWORK_LOGOS_BLACK
A2: BLANK_DUMMY | C2: ACC | E2: ESPN | F2: ESPN_WHITE | G2: ESPN_BLACK
A3: GENERIC_BASEBALL | C3: AMERICA_EAST | E3: ESPN2 | F3: ESPN2_WHITE | G3: ESPN2_BLACK
A4: GENERIC_SOFTBALL | C4: AMERICAN | E4: ESPN3 | F4: ESPN3_WHITE | G4: ESPN3_BLACK
A5: ABILENE_CHRISTIAN | C5: ATLANTIC_10 | E5: ESPNU | F5: ESPNU_WHITE | G5: ESPNU_BLACK
A6: AIR_FORCE | C6: ATLANTIC_SUN | E6: ESPNEWS_RED | F6: ESPNEWS_WHITE | G6: ESPNEWS_BLACK
A7: AKRON | C7: BIG_12 | E7: ESPNPLUS | F7: ESPNPLUS_WHITE | G7: ESPNPLUS_BLACK
A8: ALABAMA | C8: BIG_EAST | E8: SEC_NETWORK | F8: SEC_NETWORK_HORIZONTAL_WHITE | G8: SEC_NETWORK_BLACK
A9: ALABAMA_AM | C9: BIG_SKY | E9: SEC_NETWORK+ | F9: SEC_NETWORK+_WHITE | G9: SEC_NETWORK+_BLACK
A10: ALABAMA_ST | C10: BIG_SOUTH | E10: ACC_NETWORK | F10: ACC_ESPN_NETWORK_WHITE | G10: ACC_ESPN_NETWORK_BLACK
A11: ALBANY | C11: BIG_TEN | E11: ACC_NETWORK_EXTRA | F11: ACC_NETWORK_EXTRA_WHITE | G11: ACC_NETWORK_EXTRA_BLACK
A12: ALCORN_ST | C12: BIG_TEN_COLORNEGATIVE | E12: ESPN_APP | F12: ESPNAPP_WHITE | G12: ESPNAPP_BLACK
... A14: APPALACHIAN_ST | C14: CIAA | E14: ABC | F14: AAC_ESPN+_HORIZONTALWHITE | G14: AAC_ESPN+_HORIZONTALBLACK
A15: ARIZONA | C15: COLONIAL
A16: ARIZONA_ST | C16: CONFERENCE_USA | E16: AAC_ESPN_COBRAND
A17: ARKANSAS | C17: CUNY_ATHLETIC | E17: AAC_ESPN+_HORIZONTALBLACK
A18: ARKANSAS_PINE_BLUFF | C18: GREAT_WEST | E18: AAC_ESPN+_HORIZONTALDARKGRAY
A19: ARKANSAS_ST | C19: HEART_OF_AMERICA_ATHLETIC | E19: AAC_ESPN+_HORIZONTALLIGHTGRAY
A20: ARMY | C20: HORIZON_LEAGUE | E20: AAC_ESPN+_HORIZONTALWHITE
A21: AUBURN | C21: IVY_LEAGUE | E21: AAC_ESPN+_VERTICAL
A22: AUSTIN_PEAY | C22: LONE_STAR | E22: AAC_ESPN+_VERTICALBLACK
A23: BALL_ST | C23: MAAC | E23: AAC_ESPN+_VERTICALDARKGRAY
A24: BAYLOR | C24: MAC | E24: AAC_ESPN+_VERTICALLIGHTGRAY
A25: BELLARMINE | C25: MEAC | E25: AAC_ESPN+_VERTICALWHITE
A26: BELMONT | C26: MISSOURI_VALLEY | E26: AAC_ESPN+_WATERMARK
A27: BETHUNE_COOKMAN | C27: MISSOURI_VALLEY_FOOTBALL | E27: ABC
... A44: CALIFORNIA | C44: WESTERN_ATHLETIC | E44: ACC_ESPN
A45: CALIFORNIA_BAPTIST | E45: ACC_ESPN_NETWORK
A46: CAMPBELL | E46: ACC_ESPN_NETWORK_BLACK
A47: CANISIUS | E47: ACC_ESPN_NETWORK_GRAY
A48: CENTRAL_ARKANSAS | E48: ACC_ESPN_NETWORK_LIGHTGRAY
A49: CENTRAL_CONNECTICUT_ST | E49: ACC_ESPN_NETWORK_WHITE
A50: CENTRAL_MICHIGAN | E50: ACC_NETWORK
A51: CHAMINADE | E51: ACC_NETWORK_BLACK
A52: CHARLESTON_SOUTHERN | E52: ACC_NETWORK_ESPN_2019
A53: CHARLOTTE | E53: ACC_NETWORK_ESPN_AUGUST2019
A54: CHATTANOOGA | E54: ACC_NETWORK_EXTRA
A55: CHICAGO_ST | E55: ACC_NETWORK_EXTRA_BLACK
A56: CINCINNATI | E56: ACC_NETWORK_EXTRA_GRAY
... A369: YOUNGSTOWN_ST | E369: TBS_GRAY
E370: TBS_LIGHTGRAY
E371: TBS_WHITE
E372: TNT
E373: TNT_GRAY
E374: TNT_LIGHTGRAY
E375: TNT_WHITE
E376: WATCH_ESPN_HORIZONTAL
E377: WATCHESPN
E378: WATCHESPN_GRAY
E379: WATCHESPN_LIGHTGRAY
E380: WATCHESPN_WHITE
